,year1_expectvalue,year2_expectvalue,year3_expectvalue,year4_expectvalue,year5_expectvalue,year6_expectvalue,...1,player,Position,Years,Draft Round,Orig Team,Age At Sign,perc_GTD,Total,APY,Effective Length,contract_type,total_PB,one_year,last_PB,second_last_PB,onep,twop,threep,fourp,fivep,sixp,player_id,contract_id,Year1C,Year2C,Year3C,Year4C,Year5C,Year6C,Year7C,Year8C,Year1G,Year2G,Year3G,Year4G,Year5G,Year6G,Year7G,Year8G,addyear1,addyear2,addyear3,addyear4,addyear5,addyear6,Adjustment
1,1079892,1124887.5,15071575,24287725,0,0,1,A.J. Brown,WR,4,2,0,25,0.56470471,1.00E+08,2.50E+07,0,Extension,2130812,532703,20237895,30791789,0.9999,0.9999,0.9883,0.8029,0,0,7842,21033,1080000,1125000,15250000,30250000,0,0,0,0,1,1,0,0,0,0,0,0,0,0,15071575,24287725,0,0,56470471
2,1499850,13498650,9662000,0,0,0,2,Aaron Donald,DT,3,1,1,31,0.684210526,9.50E+07,31666667,0,Extension,5.80E+07,19333333.33,28500000,4.10E+07,0.9999,0.9999,0.9662,0,0,0,2952,17066,1500000,13500000,1.00E+07,0,0,0,0,0,1,1,0,0,0,0,0,0,0,0,9662000,0,0,0,46500000
3,2249775,15848415,9999000,0,0,0,3,Aaron Rodgers,QB,3,1,1,38,0.999005404,150815000,50271667,0,Extension,125947138,41982379.33,41982379.33,83964758.66,0.9999,0.9999,0.9999,0,0,0,1085,36021,2250000,15850000,1.00E+07,0,0,0,0,0,0,0,0,0,0,0,0,0,2249775,15848415,9999000,0,0,0,101415000
4,4253103.647,10563794.65,5088781.643,0,0,0,4,Adam Thielen,WR,3,8,1,32,0.408566047,44677058,14892353,0,Extension,20100000,6700000,7.00E+06,13550000,0.9999,0.8939,0.3437,0,0,0,2766,36399,4253529,11817647,14805882,0,0,0,0,0,1,0,0,0,0,0,0,0,0,10563794.65,5088781.643,0,0,0,13253529
5,1034896.5,2601600,0,0,0,0,5,Ahkello Witherspoon,CB,2,3,1,27,0.370625,8.00E+06,4.00E+06,0,UFA,2965000,1482500,1482500,4447500,0.9999,0.6504,0,0,0,0,5652,36367,1035000,4.00E+06,0,0,0,0,0,0,0,0,0,0,0,0,0,0,1034896.5,2601600,0,0,0,0,2965000
6,1499850,1602750,0,0,0,0,6,Al-Quadin Muhammad,EDGE,2,6,0,27,0.4125,8.00E+06,4.00E+06,0,UFA,1.00E+06,5.00E+05,5.00E+05,1.00E+06,0.9999,0.6411,0,0,0,0,5782,36200,1500000,2500000,0,0,0,0,0,0,1,0,0,0,0,0,0,0,0,1602750,0,0,0,0,3300000
7,1999800,2017876,0,0,0,0,7,Alec Ingold,FB,2,8,0,26,0.538461538,6500000,3250000,0,UFA,1500000,750000,750000,1500000,0.9999,0.7586,0,0,0,0,8148,36239,2.00E+06,2660000,0,0,0,0,0,0,1,0,0,0,0,0,0,0,0,2017876,0,0,0,0,3500000
8,1499850,4865850,5045400,2897300,0,0,8,Alex Cappa,RG,4,3,0,27,0.314285714,3.50E+07,8750000,0,UFA,9.00E+06,2250000,2250000,4500000,0.9999,0.8847,0.8409,0.4139,0,0,6979,35978,1500000,5500000,6.00E+06,7.00E+06,0,0,0,0,1,0,0,0,0,0,0,0,0,4865850,5045400,2897300,0,0,11000000
9,1499850,8649000,5878000,0,0,0,9,Allen Robinson,WR,3,2,0,29,0.650537634,46500000,15500000,0,UFA,1.40E+07,4666666.667,8400000,11200000,0.9999,0.8649,0.5878,0,0,0,3000,36141,1500000,1.00E+07,1.00E+07,0,0,0,0,0,1,1,0,0,0,0,0,0,0,0,5878000,0,0,0,30250000
10,1199880,2584908,0,0,0,0,10,Andrew Norwell,LG,2,8,0,30,0.57,1.00E+07,5.00E+06,0,UFA,3500000,1750000,2800000,3500000,0.9999,0.7302,0,0,0,0,3282,36233,1200000,3540000,0,0,0,0,0,0,1,0,0,0,0,0,0,0,0,2584908,0,0,0,0,4700000
11,1034896.5,6661200,2714310,0,0,0,11,Austin Corbett,RG,3,2,0,27,0.746666667,26250000,8750000,0,UFA,9765000,3255000,5859000,7812000,0.9999,0.854,0.6702,0,0,0,6918,36031,1035000,7800000,4050000,0,0,0,0,0,1,1,0,0,0,0,0,0,0,0,2714310,0,0,0,19600000
12,1749825,5321025,0,0,0,0,12,Austin Johnson,DT,2,2,0,28,0.758928571,1.40E+07,7.00E+06,0,UFA,5500000,2750000,2750000,5500000,0.9999,0.7883,0,0,0,0,4756,36253,1750000,6750000,0,0,0,0,0,0,1,0.5,0,0,0,0,0,0,0,2660512.5,0,0,0,0,10625000
13,1899810,3242060,2401200,0,0,0,13,B.J. Hill,DT,3,3,1,27,0.433333333,3.00E+07,1.00E+07,0,UFA,1.00E+07,3333333.333,3333333,6666666,0.9999,0.6898,0.3335,0,0,0,6954,35973,1900000,4700000,7200000,0,0,0,0,0,1,0,0,0,0,0,0,0,0,3242060,2401200,0,0,0,13000000
14,1119888,2642500,0,0,0,0,14,Ben Jones,C,2,4,1,33,0.571428571,1.40E+07,7.00E+06,0,UFA,6880000,3440000,4586666,6879999,0.9999,0.5285,0,0,0,0,1641,35988,1120000,5.00E+06,0,0,0,0,0,0,1,0,0,0,0,0,0,0,0,2642500,0,0,0,0,8000000
15,2374762.5,1872687.5,0,0,0,0,15,Bilal Nichols,DT,2,5,0,26,0.863636364,1.10E+07,5500000,0,UFA,2375000,1187500,1187500,2375000,0.9999,0.7885,0,0,0,0,7030,36313,2375000,2375000,0,0,0,0,0,0,1,1,0,0,0,0,0,0,0,0,0,0,0,0,7125000
16,1199880,2438706,0,0,0,0,16,Bobby McCain,S,2,5,0,29,0.57,1.00E+07,5.00E+06,0,UFA,3500000,1750000,2800000,3500000,0.9999,0.6889,0,0,0,0,3993,36145,1200000,3540000,0,0,0,0,0,0,1,0,0,0,0,0,0,0,0,2438706,0,0,0,0,4700000
17,1499850,6890250,6187150,2951200,584800,0,17,Bobby Wagner,LB,5,2,0,32,0.4,5.00E+07,1.00E+07,0,UFA,5.00E+06,1.00E+06,1.00E+06,2.00E+06,0.9999,0.9187,0.7279,0.3689,0.0688,0,1531,36407,1500000,7500000,8500000,8.00E+06,8500000,0,0,0,1,0,0,0,0,0,0,0,0,6890250,6187150,2951200,584800,0,10000000
18,1119888,1699200,717300,0,0,0,18,Bradley Roby,CB,3,1,1,30,0.226666667,10500000,3500000,0,UFA,3057901,1019300.333,1766950,2412425,0.9999,0.5664,0.2391,0,0,0,2970,36152,1120000,3.00E+06,3.00E+06,0,0,0,0,0,0,0,0,0,0,0,0,0,1119888,1699200,717300,0,0,0,2380000
19,17998200,9781200,0,0,0,0,19,Brandin Cooks,WR,2,1,1,28,0.980769228,39764706,19882353,0,Extension,23500000,11750000,7833333,15666666,0.9999,0.7524,0,0,0,0,2959,36479,1.80E+07,1.30E+07,0,0,0,0,0,0,1,0,0,0,0,0,0,0,0,9781200,0,0,0,0,29718800
20,1124887.5,1305464,0,0,0,0,20,Brandon Bolden,RB,2,8,0,32,0.474051896,5010000,2505000,0,UFA,1250000,625000,625000,1250000,0.9999,0.7888,0,0,0,0,1202,36144,1125000,1655000,0,0,0,0,0,0,1,0,0,0,0,0,0,0,0,1305464,0,0,0,0,2375000
21,1499850,11927250,12163500,0,0,0,21,Brandon Scherff,RG,3,1,0,30,0.606060606,49500000,16500000,0,UFA,1.50E+07,5.00E+06,5.00E+06,1.00E+07,0.9999,0.8835,0.8109,0,0,0,3853,36012,1500000,13500000,1.50E+07,0,0,0,0,0,1,1,0,0,0,0,0,0,0,0,12163500,0,0,0,30000000
22,1034896.5,4197600,0,0,0,0,22,Braxton Berrios,WR,2,6,1,26,0.583333333,1.20E+07,6.00E+06,0,UFA,5465000,2732500,2732000,5465000,0.9999,0.7632,0,0,0,0,7095,35974,1035000,5500000,0,0,0,0,0,0,1,0,0,0,0,0,0,0,0,4197600,0,0,0,0,7000000
23,999900,2341600,1784000,0,0,0,23,Brian Allen,C,3,4,1,26,0.444444444,1.80E+07,6.00E+06,0,UFA,4.00E+06,1333333.333,2400000,3200000,0.9999,0.5854,0.3568,0,0,0,6996,35989,1.00E+06,4.00E+06,5.00E+06,0,0,0,0,0,1,0,0,0,0,0,0,0,0,2341600,1784000,0,0,0,6000000
24,1119888,1184640,0,0,0,0,24,Brian Hoyer,QB,2,8,1,36,0.75,4.00E+06,2.00E+06,0,Extension,480000,240000,240000,480000,0.9999,0.7404,0,0,0,0,625,35980,1120000,1600000,0,0,0,0,0,0,1,1,0,0,0,0,0,0,0,0,0,0,0,0,3000000
25,1399860,1144000,749400,0,0,0,25,Bryan Anger,P,3,3,1,33,0.555555556,9.00E+06,3.00E+06,0,UFA,2400000,8.00E+05,2.00E+05,4.00E+05,0.9999,0.52,0.2498,0,0,0,917,36341,1400000,2200000,3.00E+06,0,0,0,0,0,1,0,0,0,0,0,0,0,0,1144000,749400,0,0,0,3800000
26,964903.5,0,0,0,0,0,26,Bryan Mone,DT,2,8,1,26,0.135931128,11035000,5517500,0,UFA,0,0,5.00E+05,1.00E+06,0.9999,0.5847,0,0,0,0,8140,35937,965000,0,0,0,0,0,0,0,0,0,0,0,0,0,0,0,964903.5,0,0,0,0,0,1500000
27,1034896.5,6844000,4171200,0,0,0,27,C.J. Uzomah,TE,3,5,0,29,0.625,2.40E+07,8.00E+06,0,UFA,6965000,2321666.667,2321666,4643332,0.9999,0.8555,0.5214,0,0,0,4005,36011,1035000,8.00E+06,8.00E+06,0,0,0,0,0,1,1,0,0,0,0,0,0,0,0,4171200,0,0,0,15000000
28,1999800,12452800,7580625,0,0,0,28,Cam Robinson,LT,3,2,1,26,0.625592417,52750000,17583333,0,UFA,0,0,5.00E+06,1.00E+07,0.9999,0.7783,0.4665,0,0,0,5620,35850,2.00E+06,1.60E+07,16250000,0,0,0,0,0,1,1,0,0,0,0,0,0,0,0,7580625,0,0,0,33000000
29,1999800,2277900,0,0,0,0,29,Cameron Brate,TE,2,8,1,31,0.5,8.00E+06,4.00E+06,0,Extension,3940000,1970000,750000,1500000,0.9999,0.7593,0,0,0,0,3770,36112,2.00E+06,3.00E+06,0,0,0,0,0,0,1,0,0,0,0,0,0,0,0,2277900,0,0,0,0,4000000
30,964903.5,2323188,0,0,0,0,30,Carl Granderson,EDGE,2,8,1,25,0.045584046,5265000,2632500,0,UFA,240000,120000,80000,80000,0.9999,0.6146,0,0,0,0,8353,35901,965000,3780000,0,0,0,0,0,0,0,0,0,0,0,0,0,0,964903.5,2323188,0,0,0,0,240000
31,4499550,11341900,4918200,0,0,0,31,Carlton Davis,CB,3,2,1,25,0.674157303,44500000,14833333,0,UFA,1.00E+07,3333333.333,3333333,6666666,0.9999,0.7822,0.3513,0,0,0,6948,35998,4500000,14500000,1.40E+07,0,0,0,0,0,1,0.5,0,0,0,0,0,0,0,5670950,4918200,0,0,0,24500000
32,1999800,3161500,0,0,0,0,32,Casey Hayward,CB,2,2,0,33,0.545454545,1.10E+07,5500000,0,UFA,4.00E+06,2.00E+06,2.00E+06,4.00E+06,0.9999,0.6323,0,0,0,0,2558,36296,2.00E+06,5.00E+06,0,0,0,0,0,0,1,0,0,0,0,0,0,0,0,3161500,0,0,0,0,6000000
33,3999600,6480000,10124800,0,0,0,33,Chandler Jones,EDGE,3,1,0,32,0.62745098,5.10E+07,1.70E+07,0,UFA,1.20E+07,4.00E+06,7200000,9600000,0.9999,0.864,0.6328,0,0,0,1206,36089,4.00E+06,7500000,1.60E+07,0,0,0,0,0,1,1,0,0,0,0,0,0,0,0,10124800,0,0,0,32000000
34,1034896.5,3798000,0,0,0,0,34,Charles Harris,EDGE,2,1,1,27,0.538461538,1.30E+07,6500000,0,UFA,5965000,2982500,1500000,3.00E+06,0.9999,0.633,0,0,0,0,5606,36079,1035000,6.00E+06,0,0,0,0,0,0,1,0,0,0,0,0,0,0,0,3798000,0,0,0,0,7000000
35,1034896.5,12650124,10560448,0,0,0,35,Charvarius Ward,CB,3,8,0,26,0.657283951,40500000,13500000,0,UFA,12025000,4008333.333,7215000,9620000,0.9999,0.9329,0.8408,0,0,0,7354,36251,1035000,13560000,12560000,0,0,0,0,0,1,0.5,0,0,0,0,0,0,0,6325062,10560448,0,0,0,18060000
36,1999800,3135074,0,0,0,0,36,Chase Edmonds,RB,2,4,0,26,0.504132231,12100000,6050000,0,UFA,1200000,6.00E+05,6.00E+05,1200000,0.9999,0.5539,0,0,0,0,7019,35972,2.00E+06,5660000,0,0,0,0,0,0,1,0,0,0,0,0,0,0,0,3135074,0,0,0,0,6100000
37,1249875,17510000,10926100,0,0,0,37,Chris Godwin,WR,3,3,1,26,0.666666667,6.00E+07,2.00E+07,0,UFA,18750000,6250000,7.00E+06,1.40E+07,0.9999,0.8755,0.5906,0,0,0,5670,35839,1250000,2.00E+07,18500000,0,0,0,0,0,1,1,0,0,0,0,0,0,0,0,10926100,0,0,0,40000000
38,1499850,15016400,11879850,4226850,0,0,38,Christian Kirk,WR,4,2,0,25,0.513888889,7.20E+07,1.80E+07,0,UFA,2.00E+07,5.00E+06,5.00E+06,1.00E+07,0.9999,0.9688,0.8193,0.2727,0,0,6932,35983,1500000,15500000,14500000,15500000,0,0,0,0,1,1,0,0,0,0,0,0,0,0,11879850,4226850,0,0,37000000
39,1999800,2374800,0,0,0,0,39,Christian Kirksey,LB,2,3,1,30,0.4,1.00E+07,5.00E+06,0,UFA,2.00E+06,1.00E+06,1075000,2150000,0.9999,0.5937,0,0,0,0,3010,35946,2.00E+06,4.00E+06,0,0,0,0,0,0,1,0,0,0,0,0,0,0,0,2374800,0,0,0,0,4000000
40,1249875,4203600,1972200,0,0,0,40,Chukwuma Okorafor,RT,3,3,1,25,0.316239316,29250000,9750000,0,UFA,9250000,3083333.333,3.00E+06,6.00E+06,0.9999,0.7006,0.4152,0,0,0,6977,36006,1250000,6.00E+06,4750000,0,0,0,0,0,0,0,0,0,0,0,0,0,1249875,4203600,1972200,0,0,0,9250000
41,1249875,2458875,0,0,0,0,41,Colt McCoy,QB,2,3,1,36,0.8,7500000,3250000,0,Extension,2500000,1250000,1250000,2500000,0.9999,0.6557,0,0,0,0,271,35986,1250000,3750000,0,0,0,0,0,0,1,0.5,0,0,0,0,0,0,0,1229437.5,0,0,0,0,6000000
42,1034896.5,4083950,0,0,0,0,42,Connor Williams,LG,2,2,0,25,0.608122551,14035000,7017500,0,UFA,2750000,1375000,1375000,2750000,0.9999,0.6283,0,0,0,0,6935,36295,1035000,6500000,0,0,0,0,0,0,1,0.5,0,0,0,0,0,0,0,2041975,0,0,0,0,8535000
43,14998500,10238750,7436880,0,0,0,43,Cooper Kupp,WR,3,3,1,29,0.936329588,80100000,26700000,0,Extension,17738690,5912896.667,4.00E+06,10300000,0.9999,0.8191,0.5008,0,0,0,5655,28271,1.50E+07,12500000,14850000,0,0,0,0,0,0,0,0,0,0,0,0,0,14998500,10238750,7436880,0,0,0,35000000
44,1249875,2865775,0,0,0,0,44,Cordarrelle Patterson,RB,2,1,1,31,0.476190476,10500000,5250000,0,UFA,5.00E+06,2500000,3750000,5.00E+06,0.9999,0.6743,0,0,0,0,2210,36221,1250000,4250000,0,0,0,0,0,0,0,0,0,0,0,0,0,0,1249875,2865775,0,0,0,0,5000000
45,1119888,1168050,0,0,0,0,45,Cornelius Lucas,LT,2,8,0,31,0.449230769,6500000,3250000,0,UFA,1800000,9.00E+05,9.00E+05,1800000,0.9999,0.599,0,0,0,0,3359,26226,1120000,1950000,0,0,0,0,0,0,1,0,0,0,0,0,0,0,0,1168050,0,0,0,0,2920000
46,1034896.5,8043000,5182489,0,0,0,46,D.J. Jones,DT,3,6,0,27,0.666666667,3.00E+07,1.00E+07,0,UFA,8965000,2988333.333,3.00E+06,6.00E+06,0.9999,0.8043,0.5461,0,0,0,5784,36010,1035000,1.00E+07,9490000,0,0,0,0,0,1,1,0,0,0,0,0,0,0,0,5182489,0,0,0,20000000
47,1034896.5,9339750,7547400,0,0,0,47,D.J. Reed,CB,3,5,0,25,0.636363636,3.30E+07,1.10E+07,0,UFA,9465000,3155000,3155000,6310000,0.9999,0.8895,0.7188,0,0,0,7027,36207,1035000,10500000,10500000,0,0,0,0,0,1,0.5,0,0,0,0,0,0,0,4669875,7547400,0,0,0,18000000
48,1119888,1124142,0,0,0,0,48,Damien Wilson,LB,2,4,0,29,0.473913043,6900000,3450000,0,UFA,2150000,1075000,1075000,2150000,0.9999,0.5457,0,0,0,0,3975,36148,1120000,2060000,0,0,0,0,0,0,1,0,0,0,0,0,0,0,0,1124142,0,0,0,0,3270000
49,1749825,4131000,0,0,0,0,49,DaQuan Jones,DT,2,4,0,30,0.758928571,1.40E+07,7.00E+06,0,UFA,5500000,2750000,1833333,3666666,0.9999,0.612,0,0,0,0,3051,36180,1750000,6750000,0,0,0,0,0,0,1,0.5,0,0,0,0,0,0,0,2065500,0,0,0,0,10625000
50,5499450,7894700,4561200,0,0,0,50,Darious Williams,CB,3,8,0,29,0.6,3.00E+07,1.00E+07,0,UFA,1500000,5.00E+05,5.00E+05,1.00E+06,0.9999,0.7177,0.5068,0,0,0,7264,36088,5500000,1.10E+07,9.00E+06,0,0,0,0,0,1,1,0,0,0,0,0,0,0,0,4561200,0,0,0,18000000
51,3499650,6069393,15738102,20770992,12855390,0,51,Davante Adams,WR,5,2,0,29,0.469357143,1.40E+08,2.80E+07,0,Extension,19250000,3850000,7850000,15700000,0.9999,0.9999,0.9318,0.5828,0.3606,0,2992,36177,3500000,6070000,16890000,35640000,35650000,0,0,0,1,0,0,0,0,0,0,0,0,6069393,15738102,20770992,12855390,0,22750000
52,1034896.5,4331700,9466600,4641225,0,0,52,David Njoku,TE,4,1,1,26,0.511415525,54750000,13687500,0,UFA,0,0,9386000,13279000,0.9999,0.9626,0.7282,0.3257,0,0,5613,35840,1035000,4500000,1.30E+07,14250000,0,0,0,0,1,1,0,0,0,0,0,0,0,0,9466600,4641225,0,0,17000000
53,1049895,1244390,4685690,2545535,642992.5,0,53,De'Vondre Campbell,LB,5,4,1,29,0.3,5.00E+07,1.00E+07,0,UFA,1.50E+07,3.00E+06,3.00E+06,6.00E+06,0.9999,0.8582,0.6742,0.3274,0.0827,0,4828,35985,1050000,1450000,6950000,7775000,7775000,0,0,0,0,0,0,0,0,0,0,0,1049895,1244390,4685690,2545535,642992.5,0,15000000
54,2999700,14127000,7437000,0,0,0,54,Demarcus Lawrence,EDGE,3,2,1,30,0.75,4.00E+07,13333333,0,Extension,3.10E+07,10333333.33,9.00E+06,2.00E+07,0.9999,0.9418,0.7437,0,0,0,2973,36009,3.00E+06,1.50E+07,1.00E+07,0,0,0,0,0,1,1,0,0,0,0,0,0,0,0,7437000,0,0,0,30000000
55,1034896.5,4040595.9,13186302,7068162,3579420,0,55,Denzel Ward,CB,5,1,1,25,0.708955224,100500000,20100000,0,Extension,38400000,7680000,3680000,11360000,0.9999,0.9999,0.8605,0.5245,0.2118,0,6889,36482,1035000,4041000,15324000,13476000,16900000,17400000,0,0,1,0,0,0,0,0,0,0,0,4040595.9,13186302,7068162,3579420,0,44500000
56,1034896.5,835812,0,0,0,0,56,Derek Barnett,EDGE,2,1,1,26,0.642857143,1.40E+07,7.00E+06,0,UFA,9885000,4942500,9192000,9885000,0.9999,0.7739,0,0,0,0,5598,36351,1035000,1080000,0,0,0,0,0,0,1,1,0,0,0,0,0,0,0,0,0,0,0,0,7000000
57,32896710,28781110,20492880,0,0,0,57,Derek Carr,QB,3,2,1,31,0.53779168,121422481,40474160,0,Extension,7500000,2500000,1875000,3750000,0.9999,0.6869,0.4974,0,0,0,2975,36458,32900000,41900000,41200000,0,0,0,0,0,0,0,0,0,0,0,0,0,32896710,28781110,20492880,0,0,0,24900000
58,1034896.5,45995400,45995400,45995400,45995400,0,58,Deshaun Watson,QB,5,1,0,27,1,2.30E+08,4.60E+07,0,Extension,44965000,8993000,4.60E+07,9.20E+07,0.9999,0.9999,0.9999,0.9999,0.9999,0,5596,36142,1035000,4.60E+07,4.60E+07,4.60E+07,4.60E+07,0,0,0,1,1,1,1,1,0,0,0,0,0,0,0,0,0,230000000
59,1999800,1741200,0,0,0,0,59,Desmond King,CB,2,5,1,27,0.5,7.00E+06,7.00E+06,0,UFA,1.00E+06,5.00E+05,5.00E+05,1.00E+06,0.9999,0.5804,0,0,0,0,5737,36045,2.00E+06,3.00E+06,0,0,0,0,0,0,1,0.5,0,0,0,0,0,0,0,870600,0,0,0,0,3500000
60,1034896.5,3606101,1937641.75,0,0,0,60,Donte Jackson,CB,3,2,1,26,0.476335986,35180000,11726667,0,UFA,1.10E+07,3666666.667,3666666,7333332,0.9999,0.7636,0.4103,0,0,0,6940,36199,1035000,4722500,4722500,0,0,0,0,0,1,1,0,0,0,0,0,0,0,0,1937641.75,0,0,0,16757500
61,1999800,2379650,0,0,0,0,61,Durham Smythe,TE,2,4,1,27,0.5,7.00E+06,3500000,0,UFA,1500000,750000,750000,1500000,0.9999,0.7322,0,0,0,0,7008,36232,2.00E+06,3250000,0,0,0,0,0,0,1,0,0,0,0,0,0,0,0,2379650,0,0,0,0,3500000
62,1119888,1329526,539637.5,0,0,0,62,Dustin Hopkins,K,3,6,1,31,0.516666667,9.00E+06,3.00E+06,0,UFA,2400000,8.00E+05,8.00E+05,1600000,0.9999,0.5962,0.1877,0,0,0,2231,35963,1120000,2230000,2875000,0,0,0,0,0,1,0,0,0,0,0,0,0,0,1329526,539637.5,0,0,0,3520000
63,3999600,13680000,6764010,1431882.5,0,0,63,Emmanuel Ogbah,EDGE,4,2,1,28,0.550458716,65400000,16350000,0,UFA,8.00E+06,2.00E+06,2.00E+06,4.00E+06,0.9999,0.912,0.4532,0.0953,0,0,4745,35979,4.00E+06,1.50E+07,14925000,15025000,0,0,0,0,1,1,0,0,0,0,0,0,0,0,6764010,1431882.5,0,0,32000000
64,2499750,2290875,0,0,0,0,64,Eric Murray,S,2,4,1,28,0.46875,8.00E+06,4.00E+06,0,UFA,2750000,1375000,625000,2750000,0.9999,0.6109,0,0,0,0,4819,36122,2500000,3750000,0,0,0,0,0,0,1,0,0,0,0,0,0,0,0,2290875,0,0,0,0,3750000
65,1499850,6934300,3932600,0,0,0,65,Folorunso Fatukasi,DT,3,6,0,27,0.666666667,3.00E+07,1.00E+07,0,UFA,1.00E+07,3333333.333,3333333,6666666,0.9999,0.8158,0.5618,0,0,0,7065,35991,1500000,8500000,7.00E+06,0,0,0,0,0,1,1,0,0,0,0,0,0,0,0,3932600,0,0,0,20000000
66,1499850,11902800,7568600,0,0,0,66,Foyesade Oluokun,LB,3,6,0,27,0.622222222,4.50E+07,1.50E+07,0,UFA,12500000,4166666.667,4166666,8333332,0.9999,0.8502,0.5822,0,0,0,7085,35992,1500000,1.40E+07,1.30E+07,0,0,0,0,0,1,1,0,0,0,0,0,0,0,0,7568600,0,0,0,28000000
67,1499850,1808820,0,0,0,0,67,Frankie Luvu,EDGE,2,8,1,25,0.5,9.00E+06,4500000,0,Extension,3.00E+06,1500000,1500000,3.00E+06,0.9999,0.6957,0,0,0,0,7245,35720,1500000,2600000,0,0,0,0,0,0,1,0,0,0,0,0,0,0,0,1808820,0,0,0,0,4500000
68,1034896.5,1043726,587925,0,0,0,68,George Odum,S,3,8,0,28,0.649122807,5700000,1900000,0,UFA,2.00E+06,666666.6667,1200000,1600000,0.9999,0.7789,0.5226,0,0,0,7157,36318,1035000,1340000,1125000,0,0,0,0,0,1,0,0,0,0,0,0,0,0,1043726,587925,0,0,0,3035000
69,1499850,4675000,0,0,0,0,69,Gerald Everett,TE,2,2,0,28,0.666666667,1.20E+07,6.00E+06,0,UFA,5.00E+06,2500000,2500000,5.00E+06,0.9999,0.85,0,0,0,0,5630,36270,1500000,5500000,0,0,0,0,0,0,1,0.5,0,0,0,0,0,0,0,2337500,0,0,0,0,8000000
70,16498350,12730700,6940275,0,0,0,70,Grady Jarrett,DT,3,5,1,29,0.736779556,49500000,16500000,0,Extension,24666000,8222000,4125000,8250000,0.9999,0.8348,0.4551,0,0,0,3985,22910,16500000,15250000,15250000,0,0,0,0,0,1,0,0,0,0,0,0,0,0,12730700,6940275,0,0,0,28875000
71,3099690,4981060,0,0,0,0,71,Graham Glasgow,RG,2,3,1,30,0.219858156,14100000,7050000,0,Extension,6.00E+06,3.00E+06,3.00E+06,6.00E+06,0.9999,0.5299,0,0,0,0,4808,35287,3100000,9400000,0,0,0,0,0,0,1,0,0,0,0,0,0,0,0,4981060,0,0,0,0,3100000
72,964903.5,1455800,0,0,0,0,72,Gunner Olszewski,WR,2,8,0,25,0.294047619,4200000,2100000,0,UFA,1235000,617500,617500,1235000,0.9999,0.7279,0,0,0,0,8577,36264,965000,2.00E+06,0,0,0,0,0,0,0,0,0,0,0,0,0,0,964903.5,1455800,0,0,0,0,1235000
73,1034896.5,1079892,13205500,0,0,0,73,Haason Reddick,EDGE,3,1,0,27,0.666666667,4.50E+07,1.50E+07,0,UFA,27885000,9295000,19465000,25042000,0.9999,0.9999,0.9604,0,0,0,5597,35970,1035000,1080000,13750000,0,0,0,0,0,1,1,0,0,0,0,0,0,0,0,13205500,0,0,0,30000000
74,1249875,14770500,13584375,8435000,1730750,0,74,Harold Landry,EDGE,5,2,1,26,0.6,87500000,17500000,0,UFA,1.90E+07,3800000,3800000,7600000,0.9999,0.9847,0.7875,0.482,0.0989,0,6926,35867,1250000,1.50E+07,17250000,17500000,17500000,0,0,0,1,1,0,0,0,0,0,0,0,0,13584375,8435000,1730750,0,35250000
75,1449855,3554660,4484685,0,0,0,75,Harrison Phillips,DT,3,3,0,26,0.661538462,19500000,6500000,0,UFA,7.00E+06,2333333.333,2333334,4666666,0.9999,0.7988,0.6953,0,0,0,6981,36094,1450000,4450000,6450000,0,0,0,0,0,1,0,0,0,0,0,0,0,0,3554660,4484685,0,0,0,8450000
76,6499350,7665456.9,0,0,0,0,76,Hunter Renfrow,WR,2,5,1,26,0.662460568,31700000,15850000,0,Extension,315948,157974,5508000,7344000,0.9999,0.6873,0,0,0,0,7940,21131,6500000,11153000,0,0,0,0,0,0,1,0,0,0,0,0,0,0,0,7665456.9,0,0,0,0,14500000
77,1034896.5,2146186.5,1573075,0,0,0,77,Ian Thomas,TE,3,4,1,26,0.471976401,16950000,5650000,0,UFA,5.00E+06,1666666.667,1666666,3333332,0.9999,0.6781,0.3115,0,0,0,6986,35846,1035000,3165000,5050000,0,0,0,0,0,1,0.5,0,0,0,0,0,0,0,1073093.25,1573075,0,0,0,8000000
78,1349865,1464050,0,0,0,0,78,Isaiah McKenzie,WR,2,5,1,27,0.284090909,4400000,2200000,0,UFA,6.00E+05,3.00E+05,3.00E+05,6.00E+05,0.9999,0.8366,0,0,0,0,5758,35964,1350000,1750000,0,0,0,0,0,0,0.5,0,0,0,0,0,0,0,674932.5,1464050,0,0,0,0,1250000
79,2999700,11998800,11941875,4195522.5,646140,0,79,J.C. Jackson,CB,5,8,0,26,0.484848485,82500000,16500000,0,UFA,2.50E+07,5.00E+06,5.00E+06,1.00E+07,0.9999,0.9999,0.965,0.3489,0.0534,0,7237,35997,3.00E+06,1.20E+07,12375000,12025000,12100000,0,0,0,1,1,0,0,0,0,0,0,0,0,11941875,4195522.5,646140,0,40000000
80,1144885.5,1520256,0,0,0,0,80,J.D. McKissic,RB,2,8,0,29,0.520714286,7.00E+06,3500000,0,UFA,2500000,1250000,2.00E+06,2500000,0.9999,0.7104,0,0,0,0,5150,36130,1145000,2140000,0,0,0,0,0,0,1,0,0,0,0,0,0,0,0,1520256,0,0,0,0,3645000
81,1034896.5,3293325,2281300,0,0,0,81,Jacob Martin,EDGE,3,6,0,26,0.444444444,13500000,4500000,0,UFA,3965000,1321666.667,1115000,2230000,0.9999,0.7749,0.6518,0,0,0,7071,36136,1035000,4250000,3500000,0,0,0,0,0,1,0.5,0,0,0,0,0,0,0,1646662.5,2281300,0,0,0,6000000
82,13292670.6,0,0,0,0,0,82,Jaire Alexander,CB,4,1,1,25,0.357142857,8.40E+07,2.10E+07,0,Extension,6844168,1711042,6.00E+06,1.20E+07,0.9999,0.9675,0.8257,0.3817,0,0,6903,15742,13294000,0,0,0,0,0,0,0,0,0,0,0,0,0,0,0,13292670.6,0,0,0,0,0,30000000
83,15498450,10096700,6076000,0,0,0,83,Jake Matthews,LT,3,1,1,30,0.757816631,55500000,18500000,0,Extension,32089200,10696400,2500000,5.00E+06,0.9999,0.6514,0.392,0,0,0,2945,36398,15500000,15500000,15500000,0,0,0,0,0,0,0,0,0,0,0,0,0,15498450,10096700,6076000,0,0,0,21558823
84,1034896.5,1763046.5,978000,0,0,0,84,Jakeem Grant,WR,3,6,0,29,0.3035,1.00E+07,3333333,0,UFA,2.00E+06,666666.6667,1.00E+06,2.00E+06,0.9999,0.6197,0.326,0,0,0,4899,36206,1035000,2845000,3.00E+06,0,0,0,0,0,1,0,0,0,0,0,0,0,0,1763046.5,978000,0,0,0,3035000
85,2249775,2049450,0,0,0,0,85,Jalen Reeves-Maybin,LB,2,4,0,27,0.666666667,7500000,3750000,0,UFA,1500000,750000,8.00E+05,1600000,0.9999,0.6306,0,0,0,0,5710,36140,2250000,3250000,0,0,0,0,0,0,1,0.5,0,0,0,0,0,0,0,1024725,0,0,0,0,5000000
86,1199880,9171200,0,0,0,0,86,Jameis Winston,QB,2,1,1,28,0.75,2.80E+07,1.40E+07,0,Extension,1.40E+07,7.00E+06,11200000,1.40E+07,0.9999,0.7165,0,0,0,0,3849,36256,1200000,12800000,0,0,0,0,0,0,1,0,0,0,0,0,0,0,0,9171200,0,0,0,0,15200000
87,1749825,3984750,701348,0,0,0,87,James Conner,RB,3,3,1,27,0.642857143,2.10E+07,7.00E+06,0,UFA,6.00E+06,2.00E+06,2.00E+06,4.00E+06,0.9999,0.693,0.2168,0,0,0,5691,35971,1750000,5750000,3235000,0,0,0,0,0,1,1,0,0,0,0,0,0,0,0,701348,0,0,0,13500000
88,1249875,6756750,6019200,0,0,0,88,James Daniels,RG,3,2,0,25,0.330188679,26500000,8833333,0,UFA,8750000,2916666.667,2916668,5833336,0.9999,0.819,0.7296,0,0,0,6924,36029,1250000,8250000,8250000,0,0,0,0,0,0,0,0,0,0,0,0,0,1249875,6756750,6019200,0,0,0,8750000
89,1159884,663564,0,0,0,0,89,James White,RB,2,4,1,30,0.1,5.00E+06,2500000,0,UFA,0,0,0,0,0.9999,0.5027,0,0,0,0,3069,36036,1160000,1320000,0,0,0,0,0,0,0.5,0,0,0,0,0,0,0,579942,663564,0,0,0,0,500000
90,1034896.5,1293520,0,0,0,0,90,Jason Cabinda,FB,2,8,1,26,0.496341463,4100000,2050000,0,Extension,1.00E+06,5.00E+05,5.00E+05,1.00E+06,0.9999,0.6808,0,0,0,0,7371,35749,1035000,1900000,0,0,0,0,0,0,1,0,0,0,0,0,0,0,0,1293520,0,0,0,0,2035000
91,1499850,2946000,0,0,0,0,91,Jayron Kearse,S,2,7,1,28,0.5,1.00E+07,5.00E+06,0,UFA,3500000,1750000,1750000,3500000,0.9999,0.7365,0,0,0,0,4957,36304,1500000,4.00E+06,0,0,0,0,0,0,1,0,0,0,0,0,0,0,0,2946000,0,0,0,0,5000000
92,1999800,2610800,0,0,0,0,92,Jerry Hughes,EDGE,2,1,0,34,0.55,1.00E+07,5.00E+06,0,UFA,0,0,1250000,2500000,0.9999,0.6527,0,0,0,0,0,0,2.00E+06,4.00E+06,0,0,0,0,0,0,1,0.5,0,0,0,0,0,0,0,1305400,0,0,0,0,5500000
93,1009899,800754,0,0,0,0,93,Joey Slye,K,2,8,0,26,0.476190476,4200000,2100000,0,UFA,1.00E+06,5.00E+05,250000,5.00E+05,0.9999,0.7214,0,0,0,0,8571,36083,1010000,1110000,0,0,0,0,0,0,1,0,0,0,0,0,0,0,0,800754,0,0,0,0,2000000
94,1119888,1368500,609875,0,0,0,94,Johnny Hekker,P,3,8,0,32,0.639107612,7620000,2540000,0,UFA,2.00E+06,666666.6667,666666,1333332,0.9999,0.782,0.3485,0,0,0,1329,36274,1120000,1750000,1750000,0,0,0,0,0,1,1,0,0,0,0,0,0,0,0,609875,0,0,0,4870000
95,1449855,2880930,0,0,0,0,95,Jordan Hicks,LB,2,3,0,30,0.595,1.00E+07,5.00E+06,0,UFA,3.00E+06,1500000,1500000,3.00E+06,0.9999,0.6474,0,0,0,0,3932,36075,1450000,4450000,0,0,0,0,0,0,1,0,0,0,0,0,0,0,0,2880930,0,0,0,0,4450000
96,1034896.5,3969675,0,0,0,0,96,Jordan Whitehead,S,2,4,0,25,0.482758621,14500000,7250000,0,UFA,5965000,2982500,2982000,5965000,0.9999,0.5881,0,0,0,0,7002,36107,1035000,6750000,0,0,0,0,0,0,1,0,0,0,0,0,0,0,0,3969675,0,0,0,0,7000000
97,1499850,5958500,3508000,0,0,0,97,Joseph Noteboom,LT,3,3,1,27,0.625,4.00E+07,13333333,0,UFA,1.00E+07,3333333.333,6.00E+06,8.00E+06,0.9999,0.701,0.3508,0,0,0,6974,36001,1500000,8500000,1.00E+07,0,0,0,0,0,1,0.5,0,0,0,0,0,0,0,2979250,3508000,0,0,0,16500000
98,1499850,3007851,0,0,0,0,98,Josey Jewell,LB,2,4,1,27,0.545454545,1.10E+07,5500000,0,UFA,4500000,2250000,2250000,4500000,0.9999,0.6699,0,0,0,0,6991,36051,1500000,4490000,0,0,0,0,0,0,1,0,0,0,0,0,0,0,0,3007851,0,0,0,0,6000000
99,1199880,1240380,0,0,0,0,99,Josh Reynolds,WR,2,4,1,27,0.45,6.00E+06,3.00E+06,0,UFA,1500000,750000,750000,1500000,0.9999,0.6891,0,0,0,0,5703,35944,1200000,1800000,0,0,0,0,0,0,1,0,0,0,0,0,0,0,0,1240380,0,0,0,0,2700000
100,894910.5,606404,0,0,0,0,100,Jovante Moffatt,S,2,8,1,25,0,1905000,952500,0,UFA,0,0,0,0,0.9999,0.6004,0,0,0,0,9259,35615,895000,1010000,0,0,0,0,0,0,0,0,0,0,0,0,0,0,894910.5,606404,0,0,0,0,0
101,1999800,1875300,0,0,0,0,101,Justin Britt,C,2,2,1,31,0.444444444,9.00E+06,4500000,0,UFA,2.00E+06,1.00E+06,1.00E+06,2.00E+06,0.9999,0.6251,0,0,0,0,3003,36023,2.00E+06,3.00E+06,0,0,0,0,0,0,1,0,0,0,0,0,0,0,0,1875300,0,0,0,0,4000000
102,1049895,3395040,0,0,0,0,102,Justin Jones,DT,2,3,0,26,0.754166667,1.20E+07,6.00E+06,0,UFA,5.00E+06,2500000,2500000,5.00E+06,0.9999,0.7073,0,0,0,0,6969,36310,1050000,4800000,0,0,0,0,0,0,1,0,0,0,0,0,0,0,0,3395040,0,0,0,0,7050000
103,1034896.5,7231600,7105887,0,0,0,103,Justin Reid,S,3,3,0,25,0.65031746,31500000,10500000,0,UFA,10500000,3500000,3500000,7.00E+06,0.9999,0.808,0.7113,0,0,0,6953,36008,1035000,8950000,9990000,0,0,0,0,0,1,1,0,0,0,0,0,0,0,0,7105887,0,0,0,20485000
104,1299870,1700010,0,0,0,0,104,Kalif Raymond,WR,2,8,1,28,0.57,5.00E+06,2500000,0,UFA,1250000,625000,625000,1250000,0.9999,0.8718,0,0,0,0,5127,36246,1300000,1950000,0,0,0,0,0,0,1,0,0,0,0,0,0,0,0,1700010,0,0,0,0,2850000
105,1034896.5,1976277,1603182,0,0,0,105,Keion Crossen,CB,3,7,0,26,0.321164021,9450000,3150000,0,UFA,0,0,0,0,0.9999,0.6898,0.5453,0,0,0,7128,36055,1035000,2865000,2940000,0,0,0,0,0,1,0,0,0,0,0,0,0,0,1976277,1603182,0,0,0,3035000
106,1199880,2577050,2131740,0,0,0,106,La'el Collins,RT,3,8,0,29,0.238095238,2.10E+07,7.00E+06,0,UFA,5.00E+06,1666666.667,1666666,3333332,0.9999,0.7363,0.5466,0,0,0,4105,24187,1200000,3500000,3900000,0,0,0,0,0,0,0,0,0,0,0,0,0,1199880,2577050,2131740,0,0,0,5000000
107,1119888,9351010,6887160,0,0,0,107,La'el Collins,RT,3,8,0,29,0.238095238,2.10E+07,7.00E+06,0,UFA,5.00E+06,1666666.667,1666666,3333332,0.9999,0.7363,0.5466,0,0,0,4105,36276,1120000,12700000,12600000,0,0,0,0,0,1,0,0,0,0,0,0,0,0,9351010,6887160,0,0,0,13900000
108,1999800,5422300,4544150,0,0,0,108,Laken Tomlinson,LG,3,1,0,30,0.675,4.00E+07,13333333,0,UFA,12780000,4260000,4260000,8520000,0.9999,0.8342,0.6991,0,0,0,3876,35990,2.00E+06,6500000,6500000,0,0,0,0,0,1,0.5,0,0,0,0,0,0,0,2711150,4544150,0,0,0,9000000
109,1034896.5,2790400,0,0,0,0,109,Leonard Fournette,RB,3,1,1,27,0.523809524,2.10E+07,7.00E+06,0,UFA,4500000,1500000,2.00E+06,4.00E+06,0.9999,0.6976,0.1712,0,0,0,5588,36257,1035000,4.00E+06,0,0,0,0,0,0,0,0,0,0,0,0,0,0,1034896.5,2790400,0,0,0,0,2965000
110,1499850,5246825,0,0,0,0,110,Levi Wallace,CB,2,8,0,27,0.370625,8.00E+06,4.00E+06,0,UFA,2965000,1482500,1482500,2965000,0.9999,0.7237,0,0,0,0,7219,36044,1500000,7250000,0,0,0,0,0,0,1,0,0,0,0,0,0,0,0,5246825,0,0,0,0,8500000
111,1299870,1773600,0,0,0,0,111,Maliek Collins,DT,2,3,1,27,0.5,1.70E+07,8500000,0,UFA,6.00E+06,3.00E+06,2750000,5500000,0.9999,0.5912,0,0,0,0,4780,36038,1300000,3.00E+06,0,0,0,0,0,0,0,0,0,0,0,0,0,0,1299870,1773600,0,0,0,0,2000000
112,1749825,4749300,0,0,0,0,112,Malik Hooker,S,2,1,1,26,0.285714286,7.00E+06,3500000,0,UFA,1700000,850000,850000,1700000,0.9999,0.5277,0,0,0,0,5599,36053,1750000,9.00E+06,0,0,0,0,0,0,1,0,0,0,0,0,0,0,0,4749300,0,0,0,0,6750000
113,1349865,745065,0,0,0,0,113,Marcus Mariota,QB,2,1,0,28,0.36,18750000,9375000,0,UFA,5.00E+06,2500000,2500000,5.00E+06,0.9999,0.5519,0,0,0,0,3850,36228,1350000,1350000,7.00E+06,0,0,0,0,0,1,1,0,0,0,0,0,0,0,0,0,0,0,0,14500000
114,1034896.5,746388,5592000,0,0,0,114,Marcus Maye,S,3,2,0,29,0.644444444,22500000,7500000,0,UFA,6.00E+06,2.00E+06,3600000,4800000,0.9999,0.6911,0.466,0,0,0,5625,36092,1035000,1080000,1.20E+07,1.20E+07,1.40E+07,0,0,0,1,1,0,0,0,0,0,0,0,0,5592000,0,0,0,17080000
115,0,0,0,0,0,0,115,Marcus Williams,S,5,2,0,26,0.528571429,7.00E+07,1.40E+07,0,UFA,29885000,5977000,6723000,13446000,0.9999,0.9999,0.9759,0.6918,0.2621,0,5628,36091,0,0,0,0,0,0,0,0,1,0.5,0,0,0,0,0,0,0,0,0,0,0,0,4600000
116,1249875,3327540,0,0,0,0,116,Mario Addison,EDGE,2,8,0,35,0.597402597,7700000,3850000,0,UFA,0,0,1.00E+06,2.00E+06,0.9999,0.7156,0,0,0,0,0,0,1250000,4650000,5100000,0,0,0,0,0,1,1,0,0,0,0,0,0,0,0,0,0,0,0,11400000
117,2559744,5856752,6840052,0,0,0,117,Mark Glowinski,RG,3,4,0,30,0.62295082,18300000,6100000,0,UFA,4500000,1500000,1.00E+06,2.00E+06,0.9999,0.6842,0.5917,0,0,0,3982,36004,2560000,8560000,11560000,0,0,0,0,0,1,0,0,0,0,0,0,0,0,5856752,6840052,0,0,0,8560000
118,1034896.5,3217890,1458275,0,0,0,118,Marquez Valdes-Scantling,WR,3,5,0,27,0.5,3.00E+07,1.00E+07,0,UFA,6.00E+06,2.00E+06,2.00E+06,4.00E+06,0.9999,0.8251,0.4487,0,0,0,7059,36364,1035000,3900000,3250000,0,0,0,0,0,0,0,0,0,0,0,0,0,1034896.5,3217890,1458275,0,0,0,4565000
119,7504249.5,13322208,13247628.6,0,0,0,119,Mason Cole,C,3,3,0,26,0.28984127,15750000,5250000,0,UFA,4565000,1521666.667,5.00E+05,1.00E+06,0.9999,0.7008,0.6297,0,0,0,6982,36236,7505000,19010000,21038000,21038000,0,0,0,0,1,0,0,0,0,0,0,0,0,13322208,13247628.6,0,0,0,26515000
120,1999800,10327900,6460850,3420900,0,0,120,Maxx Crosby,EDGE,4,4,1,25,0.563829787,9.40E+07,23500000,0,Extension,13195566,3298891.5,2600000,5200000,0.9999,0.9389,0.7601,0.3258,0,0,7897,35947,2.00E+06,1.10E+07,8500000,10500000,10500000,0,0,0,1,1,0,0,0,0,0,0,0,0,6460850,3420900,0,0,23000000
121,1034896.5,3441000,3794700,0,0,0,121,Michael Gallup,WR,5,3,1,26,0.469565217,57500000,11500000,0,UFA,1.00E+07,2.00E+06,2.00E+06,4.00E+06,0.9999,0.9176,0.7228,0.2622,0.0584,0,6966,35969,1035000,3750000,5250000,0,0,0,0,0,1,0,0,0,0,0,0,0,0,3441000,3794700,0,0,0,6750000
122,6999300,8557200,8778800,0,0,0,122,Michael Pierce,DT,3,8,0,29,0.409090909,16500000,5500000,0,UFA,5715000,1905000,1905000,2810000,0.9999,0.7131,0.5164,0,0,0,5249,36319,7.00E+06,1.20E+07,1.70E+07,0,0,0,0,0,1,1,0,0,0,0,0,0,0,0,8778800,0,0,0,40000000
123,1034896.5,1739800,0,0,0,0,123,Mike Williams,WR,3,1,1,27,0.666666667,6.00E+07,2.00E+07,0,UFA,2.10E+07,7.00E+06,7.00E+06,1.40E+07,0.9999,0.8699,0.3099,0,0,0,5591,35873,1035000,2.00E+06,0,0,0,0,0,0,0,0,0,0,0,0,0,0,1034896.5,1739800,0,0,0,0,965000
124,14498550,6440900,0,0,0,0,124,Miles Killebrew,S,2,4,1,29,0.24125,4.00E+06,2.00E+06,0,UFA,965000,482500,482500,965000,0.9999,0.4442,0,0,0,0,4824,36163,14500000,14500000,15500000,17600000,0,0,0,0,1,0,0,0,0,0,0,0,0,6440900,0,0,0,0,36000000
125,1639836,6046384,4947709,0,0,0,125,Minkah Fitzpatrick,S,4,1,1,25,0.493231764,72988000,18247000,0,Extension,0,0,3500000,7.00E+06,0.9999,0.9106,0.7181,0.3249,0,0,6896,24354,1640000,6640000,6890000,0,0,0,0,0,1,0,0,0,0,0,0,0,0,6046384,4947709,0,0,0,10640000
126,1034896.5,4838400,0,0,0,0,126,Mitch Morse,C,2,2,1,30,0.615384615,19500000,9750000,0,Extension,11750000,5875000,3.00E+06,6.00E+06,0.9999,0.6048,0,0,0,0,3897,35960,1035000,8.00E+06,0,0,0,0,0,0,0,0,0,0,0,0,0,0,1034896.5,4838400,0,0,0,0,5250000
127,1199880,2811360,0,0,0,0,127,Mitchell Trubisky,QB,2,1,0,28,0.367518376,14285000,7412500,0,UFA,5250000,2625000,2625000,5250000,0.9999,0.5857,0,0,0,0,5586,36238,1200000,4800000,5410000,0,0,0,0,0,1,0.5,0,0,0,0,0,0,0,1405680,0,0,0,0,8200000
128,1499850,6780800,0,0,0,0,128,Mo Alie-Cox,TE,3,8,1,28,0.467236467,17550000,5850000,0,UFA,0,0,0,2390000,0.9999,0.8476,0.2647,0,0,0,5618,35993,1500000,8.00E+06,0,0,0,0,0,0,0,0,0,0,0,0,0,0,1499850,6780800,0,0,0,0,6500000
129,1119888,1079403,0,0,0,0,129,Myles Jack,LB,2,2,0,27,0.40625,1.60E+07,8.00E+06,0,UFA,6500000,3250000,3250000,3250000,0.9999,0.6387,0,0,0,0,4749,36093,1120000,1690000,0,0,0,0,0,0,1,0,0,0,0,0,0,0,0,1079403,0,0,0,0,2190000
130,1119888,833280,0,0,0,0,130,Nick Folk,K,2,6,1,37,0.438,5.00E+06,2500000,0,UFA,1170000,585000,585000,1170000,0.9999,0.6944,0,0,0,0,2003,36015,1120000,1200000,0,0,0,0,0,0,0,0,0,0,0,0,0,0,1119888,833280,0,0,0,0,950000
131,1034896.5,1778700,0,0,0,0,131,Pat O'Donnell,P,2,6,0,31,0.4,4.00E+06,2.00E+06,0,UFA,950000,475000,150000,3.00E+05,0.9999,0.6468,0,0,0,0,3130,36133,1035000,2750000,4.00E+06,0,0,0,0,0,1,0,0,0,0,0,0,0,0,1778700,0,0,0,0,4500000
132,1149885,1527000,2577540,0,0,0,132,Patrick Ricard,FB,3,8,1,28,0.4,11250000,3750000,0,UFA,3465000,1155000,1155000,2310000,0.9999,0.7635,0.4522,0,0,0,6036,36348,1150000,2.00E+06,5700000,1.20E+07,12600000,0,0,0,0,0,0,0,0,0,0,0,1149885,1527000,2577540,0,0,0,12200000
133,1189881,11168371,6512192,0,0,0,133,Preston Smith,EDGE,4,2,1,29,0.234615385,5.20E+07,1.30E+07,0,Extension,19450000,4862500,2440000,4880000,0.9999,0.8279,0.6208,0.4126,0,0,3886,35962,1190000,13490000,10490000,0,0,0,0,0,1,0,0,0,0,0,0,0,0,11168371,6512192,0,0,0,13490000
134,1174882.5,2610184.5,0,0,0,0,134,Quandre Diggs,S,3,6,1,29,0.691794872,3.90E+07,1.30E+07,0,UFA,12300000,4100000,4100000,8200000,0.9999,0.7161,0.2651,0,0,0,4048,36237,1175000,3645000,0,0,0,0,0,0,1,0,0,0,0,0,0,0,0,2610184.5,0,0,0,0,5175000
135,1034896.5,10322200,0,0,0,0,135,Quinton Jefferson,DT,2,5,0,29,0.544736842,9500000,4750000,0,UFA,4.00E+06,2.00E+06,2.00E+06,4.00E+06,0.9999,0.7373,0,0,0,0,4860,36220,1035000,1.40E+07,13745000,12745000,12745000,0,0,0,1,1,0,0,0,0,0,0,0,0,0,0,0,0,28000000
136,1049895,2181375,5637500,0,0,0,136,Randy Gregory,EDGE,5,2,0,29,0.402877698,69500000,13900000,0,UFA,10500000,2100000,2100000,4200000,0.9999,0.9695,0.902,0.6031,0.0693,0,3908,36048,1050000,2250000,6250000,0,0,0,0,0,0,0,0,0,0,0,0,0,1049895,2181375,5637500,0,0,0,5300000
137,1034896.5,641088,0,0,0,0,137,Rasul Douglas,CB,3,3,1,27,0.252380952,2.10E+07,7.00E+06,0,UFA,5300000,1766666.667,1766668,3533336,0.9999,0.5936,0.2656,0,0,0,5685,36179,1035000,1080000,0,0,0,0,0,0,1,0,0,0,0,0,0,0,0,641088,0,0,0,0,2785000
138,3499650,8037000,0,0,0,0,138,Ray-Ray McCloud,WR,2,6,0,25,0.90375,4.00E+06,2.00E+06,0,UFA,1750000,875000,875000,1750000,0.9999,0.8037,0,0,0,0,7072,36272,3500000,1.00E+07,1.00E+07,0,0,0,0,0,1,0.5,0,0,0,0,0,0,0,4018500,0,0,0,0,15000000
139,1449855,3096600,1837020,0,0,0,139,Russell Gage,WR,3,6,0,26,0.666666667,3.00E+07,1.00E+07,0,UFA,6500000,2166666.667,2166668,4333336,0.9999,0.794,0.5403,0,0,0,7079,36149,1450000,3900000,3400000,3400000,0,0,0,0,1,1,0,0,0,0,0,0,0,0,1837020,0,0,0,8850000
140,1499850,8887500,4963200,0,0,0,140,Ryan Bates,LG,4,8,1,25,0.520588235,1.70E+07,4250000,0,UFA,3500000,875000,875000,1750000,0.9999,0.711,0.4512,0.1791,0,0,8426,36346,1500000,12500000,1.10E+07,0,0,0,0,0,1,1,0,0,0,0,0,0,0,0,4963200,0,0,0,23000000
141,2499750,5216250,2783250,0,0,0,141,Ryan Jensen,C,3,6,1,31,0.679487179,3.90E+07,1.30E+07,0,UFA,12500000,4166666.667,7500000,1.00E+07,0.9999,0.8025,0.3711,0,0,0,2381,35981,2500000,6500000,7500000,0,0,0,0,0,1,1,0,0,0,0,0,0,0,0,2783250,0,0,0,16500000
142,18498150,14104800,9611386.499,0,0,0,142,Sebastian Joseph-Day,DT,3,6,0,27,0.6875,2.40E+07,8.00E+06,0,UFA,0,0,2500000,5.00E+06,0.9999,0.7836,0.5034,0,0,0,0,0,18500000,1.80E+07,19092941,14495000,0,0,0,0,0,0,0,0,0,0,0,0,18498150,14104800,9611386.499,0,0,0,35500000
143,5509449,7869256,0,0,0,0,143,Stefon Diggs,WR,4,5,1,28,0.729166667,9.60E+07,2.40E+07,0,Extension,46212222,11553055.5,3200000,10700000,0.9999,0.9886,0.5872,0.0399,0,0,3994,36456,5510000,7960000,0,0,0,0,0,0,1,0,0,0,0,0,0,0,0,7869256,0,0,0,0,9510000
144,1749825,1873200,0,0,0,0,144,Stephon Gilmore,CB,2,1,0,31,0.7,2.00E+07,1.00E+07,0,UFA,0,0,2.00E+06,4.00E+06,0.9999,0.5352,0,0,0,0,255,36481,1750000,3500000,0,0,0,0,0,0,1,0,0,0,0,0,0,0,0,1873200,0,0,0,0,4500000
145,1599840,2106400,0,0,0,0,145,Steven Nelson,CB,2,3,0,29,0.5,9.00E+06,4500000,0,UFA,2.00E+06,1.00E+06,1.00E+06,1.00E+06,0.9999,0.5266,0,0,0,0,3946,36457,1600000,4.00E+06,5800000,0,0,0,0,0,1,0,0,0,0,0,0,0,0,2106400,0,0,0,0,5000000
146,1119888,5690700,6711125,0,0,0,146,Ted Karras,RG,3,6,0,29,0.277777778,1.80E+07,6.00E+06,0,UFA,3.00E+06,1.00E+06,1.00E+06,2.00E+06,0.9999,0.6323,0.5065,0,0,0,4934,35995,1120000,9.00E+06,13250000,13300000,12330000,0,0,0,1,1,0,0,0,0,0,0,0,0,6711125,0,0,0,30120000
147,1034896.5,2958156.5,0,0,0,0,147,Terron Armstead,LT,5,3,0,31,0.578266667,7.50E+07,1.50E+07,0,UFA,1.20E+07,2400000,2400000,4800000,0.9999,0.9683,0.9164,0.4088,0.0744,0,2308,36255,1035000,3055000,0,0,0,0,0,0,1,0,0,0,0,0,0,0,0,2958156.5,0,0,0,0,5085000
148,1034896.5,7344370,0,0,0,0,148,Tim Settle,DT,2,5,0,25,0.777777778,9.00E+06,4500000,0,UFA,4050000,2025000,2700000,4050000,0.9999,0.8206,0,0,0,0,7048,36014,1035000,8950000,7950000,0,0,0,0,0,1,1,0,0,0,0,0,0,0,0,0,0,0,0,16000000
149,1034896.5,1185021,0,0,0,0,149,Tracy Walker,S,3,3,1,27,0.678,2.50E+07,8333333,0,UFA,6965000,2321666.667,2321668,4643336,0.9999,0.6354,0.2408,0,0,0,6967,35976,1035000,1865000,0,0,0,0,0,0,1,0,0,0,0,0,0,0,0,1185021,0,0,0,0,2035000
150,1159884,906848,0,0,0,0,150,Trevor Siemian,QB,2,7,0,30,0.75875,4.00E+06,2.00E+06,0,UFA,1.00E+06,5.00E+05,5.00E+05,1.00E+06,0.9999,0.6668,0,0,0,0,4098,36373,1160000,1360000,0,0,0,0,0,0,0,0,0,0,0,0,0,0,1159884,906848,0,0,0,0,300000
151,1034896.5,3093310,0,0,0,0,151,Ty Montgomery,RB,2,3,0,29,0.083333333,3600000,1800000,0,UFA,3.00E+05,150000,150000,3.00E+05,0.9999,0.5071,0,0,0,0,3942,36198,1035000,6100000,6100000,0,0,0,0,0,1,0.5,0,0,0,0,0,0,0,1546655,0,0,0,0,10000000
152,1499850,6008100,3473400,0,0,0,152,Tyler Conklin,TE,3,5,0,27,0.49382716,20250000,6750000,0,UFA,5065000,1688333.333,1688333,3376666,0.9999,0.8583,0.4962,0,0,0,7042,36106,1500000,7.00E+06,7.00E+06,0,0,0,0,0,1,1,0,0,0,0,0,0,0,0,3473400,0,0,0,18000000
153,15998400,16123333.5,15694998,0,0,0,153,Tyrann Mathieu,S,3,3,0,30,0.666666667,2.70E+07,9.00E+06,0,UFA,0,0,5700000,7600000,0.9999,0.8199,0.7188,0,0,0,0,0,1.60E+07,19665000,21835000,43900000,0,0,0,0,1,0,0,0,0,0,0,0,0,16123333.5,15694998,0,0,0,52535000
154,1249875,5449455,0,0,0,0,154,Tyreek Hill,WR,4,5,0,28,0.601666667,1.20E+08,3.00E+07,0,Extension,25500000,6375000,5100000,10200000,0.9999,0.9999,0.8974,0.0548,0,0,4878,36301,1250000,5450000,0,0,0,0,0,0,1,0.5,0,0,0,0,0,0,0,2724727.5,0,0,0,0,8200000
155,1034896.5,4716000,0,0,0,0,155,Tyrod Taylor,QB,2,6,0,33,0.990909091,1.10E+07,5500000,0,UFA,4200000,2100000,2800000,4200000,0.9999,0.6288,0,0,0,0,1407,36070,1035000,7500000,0,0,0,0,0,0,1,0,0,0,0,0,0,0,0,4716000,0,0,0,0,10535000
156,1119888,995280,0,0,0,0,156,Uchenna Nwosu,EDGE,2,2,0,25,0.552873262,19055000,9527500,0,UFA,9500000,4750000,4750000,9500000,0.9999,0.7656,0,0,0,0,6933,36121,1120000,1300000,17145000,17145000,19645000,29645000,0,0,1,1,0.5,0,0,0,0,0,0,0,0,0,0,0,45000000
157,1039896,5639436,6295300,0,0,0,157,Von Miller,EDGE,6,1,0,33,0.428625,1.20E+08,2.00E+07,0,UFA,18525000,3087500,0,3705000,0.9999,0.9999,0.97,0.7128,0.1778,0.0111,2,36098,1040000,5640000,6490000,0,0,0,0,0,1,0,0,0,0,0,0,0,0,5639436,6295300,0,0,0,10340000
158,1034896.5,890526,5651800,0,0,0,158,Will Dissly,TE,3,4,1,26,0.665833333,2.40E+07,8.00E+06,0,UFA,9300000,3100000,3100000,6200000,0.9999,0.7644,0.367,0,0,0,7005,35987,1035000,1165000,15400000,13650000,15150000,0,0,0,1,1,0,0,0,0,0,0,0,0,5651800,0,0,0,36300000
159,1034896.5,3264673.5,3952960,0,0,0,159,Xavien Howard,CB,5,2,1,29,0.447777778,9.00E+07,1.80E+07,0,Extension,37320846,7464169.2,9548000,15699000,0.9999,0.9999,0.8984,0.6318,0.3151,0,4751,36440,1035000,3265000,4400000,0,0,0,0,0,1,0,0,0,0,0,0,0,0,3264673.5,3952960,0,0,0,6035000
160,1749825,2365300,1830800,0,0,0,160,Xavier Woods,S,3,6,0,27,0.402333333,1.50E+07,5.00E+06,0,UFA,5.00E+06,1666666.667,1666666,3333332,0.9999,0.6758,0.4577,0,0,0,5777,36297,1750000,3500000,4.00E+06,4250000,1500000,0,0,0,1,0,0,0,0,0,0,0,0,2365300,1830800,0,0,0,8000000
161,1449855,7902090,9909810,0,0,0,161,Younghoe Koo,K,5,8,1,28,0.474226804,24250000,4850000,0,UFA,6250000,1250000,5.00E+05,1.00E+06,0.9999,0.8362,0.6858,0.13,0.0098,0,5868,36176,1450000,9450000,14450000,0,0,0,0,0,1,0,0,0,0,0,0,0,0,7902090,9909810,0,0,0,6450000
162,1499850,7726400,7815000,0,0,0,162,Za'Darius Smith,EDGE,3,4,0,30,0.273809524,4.20E+07,1.40E+07,0,UFA,5.00E+06,1666666.667,1666666,3333332,0.9999,0.7024,0.6252,0,0,0,3970,36090,1500000,1.10E+07,12500000,0,0,0,0,0,1,0,0,0,0,0,0,0,0,7726400,7815000,0,0,0,8250000
163,2499750,6160018,1498722,0,0,0,163,Zach Cunningham,LB,3,2,1,27,0.25,3.30E+07,1.10E+07,0,UFA,6750000,2250000,2250000,4500000,0.9999,0.7036,0.1884,0,0,0,5643,36151,2500000,8755000,7955000,0,0,0,0,0,1,0.5,0,0,0,0,0,0,0,3080009,1498722,0,0,0,14500000
164,1099890,1993494,627264,0,0,0,164,Zach Ertz,TE,3,2,1,31,0.552922591,31650000,10550000,0,UFA,8.00E+06,2666666.667,4.00E+06,6.00E+06,0.9999,0.8006,0.2178,0,0,0,112,36017,1100000,2490000,2880000,0,0,0,0,0,1,0.5,0,0,0,0,0,0,0,996747,627264,0,0,0,4000000
165,1084891.5,920020,0,0,0,0,165,Zaire Franklin,LB,3,7,1,26,0.4,1.00E+07,3333333,0,UFA,0,0,0,0,0.9999,0.628,0.1924,0,0,0,7120,36049,1085000,1465000,0,0,0,0,0,0,1,0,0,0,0,0,0,0,0,920020,0,0,0,0,2000000
166,1499850,5049100,0,0,0,0,166,Zane Gonzalez,K,2,7,1,27,0.444444444,4500000,2250000,0,UFA,1250000,625000,475000,950000,0.9999,0.7213,0,0,0,0,5810,36164,1500000,7.00E+06,7.00E+06,0,0,0,0,0,1,1,0,0,0,0,0,0,0,0,0,0,0,0,14000000
167,1499850,5477500,2724400,0,0,0,167,Zay Jones,WR,3,2,0,27,0.583333333,2.40E+07,8.00E+06,0,UFA,5500000,1833333.333,2732500,5465000,0.9999,0.7825,0.3892,0,0,0,5623,36030,1500000,7.00E+06,7.00E+06,0,0,0,0,0,0,0,0,0,0,0,0,0,1499850,5477500,2724400,0,0,0,