"","year1_expectvalue","year2_expectvalue","year3_expectvalue","year4_expectvalue","year5_expectvalue","year6_expectvalue","onep","twop","threep","fourp","fivep","sixp","player","Position","Years","Draft Round","Orig Team","Age At Sign","perc_GTD","Total","APY","Effective Length","contract_type","second_last_PB","last_PB","7","8","player_id","contract_id","Year1C","Year2C","Year3C","Year4C","Year5C","Year6C","Year7C","Year8C","acc_cont_probs","expectedyears","one","two","three","four","five","six","Year1APY","Year2APY","Year3APY","Year4APY","Year5APY","Year6APY","Year1APY2","Year2APY2","Year3APY2","Year4APY2","Year5APY2","Year6APY2","expec_APY","total_eAPY","perc_cont"
"1",62493750,27359750,34249500,11794500,0,0,99.99,99.49,76.11,26.21,0,0,"Kirk Cousins","QB",4,"4","0","35",0.555555555555556,1.8e+08,4.5e+07,0,"UFA",12500000,12500000,0,0,1443,46167,62500000,27500000,4.5e+07,4.5e+07,0,0,0,0,3.0181,3.02,0.0051,0.2338,0.499,0.2621,0,0,62493750,27359750,34249500,11794500,0,0,62493750,13679875,11416500,2948625,0,0,44999172.1854305,135897500,0.754986111111111
"2",29997000,27165000,3808000,0,0,0,99.99,90.55,9.52,0,0,0,"Baker Mayfield","QB",3,"1","1","28",0.5,1e+08,33333333,0,"UFA",15775000,5775000,0,0,6886,46144,3e+07,3e+07,4e+07,0,0,0,0,0,2.0008,2,0.0946,0.8103,0.0952,0,0,0,29997000,27165000,3808000,0,0,0,29997000,13582500,1269333.33333333,0,0,0,30485000,60970000,0.6097
"3",31346865,28763450,24412050,12411630,3517020,0,99.99,99.7,69.55,43.78,10.02,0,"Chris Jones","DT",5,"2","1","29",0.598425196850394,158750000,31750000,0,"UFA",6e+06,6e+06,0,0.01,4750,46141,31350000,28850000,35100000,28350000,35100000,0,0,0,3.2304,3.23,0.0029,0.3015,0.2577,0.3376,0.1002,0,31346865,28763450,24412050,12411630,3517020,0,31346865,14381725,8137350,3102907.5,703404,0,31099385.4489164,100451015,0.632762299212598
"4",43491300,22615775,18318375,11487750,2802450,0,99.98,99.41,77.13,45.05,10.99,0,"Brian Burns","EDGE",5,"1","0","25",0.620567375886525,1.41e+08,28200000,0,"UFA",7e+06,7e+06,0.01,0.02,7807,46173,43500000,22750000,23750000,25500000,25500000,0,0,0,3.3256,3.33,0.0057,0.2228,0.3208,0.3406,0.1099,0,43491300,22615775,18318375,11487750,2802450,0,43491300,11307887.5,6106125,2871937.5,560490,0,29644339.3393393,98715650,0.700110992907802
"5",29497050,27390500,10436475,1524400,0,0,99.99,94.45,40.53,5.92,0,0,"Christian Wilkins","DT",4,"1","0","28",0.752272727272727,1.1e+08,27500000,0,"UFA",4800000,4800000,0,0,7804,46158,29500000,2.9e+07,25750000,25750000,0,0,0,0,2.409,2.41,0.0555,0.5392,0.3461,0.0592,0,0,29497050,27390500,10436475,1524400,0,0,29497050,13695250,3478825,381100,0,0,28567811.2033195,68848425,0.625894772727273
"6",29497050,19462950,0,0,0,0,99.99,99.81,0,0,0,0,"Danielle Hunter","EDGE",2,"3","0","29",0.979591836734694,4.9e+07,24500000,0,"UFA",12200000,23200000,0,0,3936,46230,29500000,19500000,0,0,0,0,0,0,1.998,2,0.0018,0.9981,0,0,0,0,29497050,19462950,0,0,0,0,29497050,9731475,0,0,0,0,24480000,48960000,0.999183673469388
"7",30996900,21303000,14803800,5548500,0,0,99.99,94.68,67.29,24.66,0,0,"Justin Madubuike","DT",4,"3","1","26",0.770408163265306,9.8e+07,24500000,0,"UFA",5e+06,5e+06,0,0,8811,46125,3.1e+07,22500000,2.2e+07,22500000,0,0,0,0,2.8663,2.87,0.0532,0.2739,0.4263,0.2466,0,0,30996900,21303000,14803800,5548500,0,0,30996900,10651500,4934600,1387125,0,0,25314355.4006969,72652200,0.741348979591837
"8",24997500,21079500,7862625,2229450,0,0,99.99,91.65,36.15,10.02,0,0,"Calvin Ridley","WR",4,"1","0","29",0.543478260869565,9.2e+07,2.3e+07,0,"UFA",5e+06,5e+06,0,0,6911,46299,2.5e+07,2.3e+07,21750000,22250000,0,0,0,0,2.3782,2.38,0.0835,0.555,0.2613,0.1002,0,0,24997500,21079500,7862625,2229450,0,0,24997500,10539750,2620875,557362.5,0,0,23600451.6806723,56169075,0.610533423913043
"9",26997300,18619050,9900090,0,0,0,99.99,89.3,59.46,0,0,0,"Leonard Williams","DT",3,"1","1","29",0.67984496124031,64500000,21500000,0,"UFA",8300000,8300000,0,0,3854,46243,2.7e+07,20850000,16650000,0,0,0,0,0,2.4876,2.49,0.107,0.2984,0.5946,0,0,0,26997300,18619050,9900090,0,0,0,26997300,9309525,3300030,0,0,0,22295759.0361446,55516440,0.86072
"10",8639136,18264800,13998600,7105725,0,0,99.99,92.48,72.72,35.09,0,0,"Landon Dickerson","LG",4,"2","1","25",0.58797619047619,8.4e+07,2.1e+07,0,"Extension",4019000,4019000,0,0.01,9501,46612,8640000,19750000,19250000,20250000,0,0,0,0,3.0028,3,0.0751,0.1976,0.3763,0.3509,0,0,8639136,18264800,13998600,7105725,0,0,8639136,9132400,4666200,1776431.25,0,0,16002753.6666667,48008261,0.571526916666667
"11",19883011.5,10800573.5,4958807,0,0,0,99.99,64.27,25.21,0,0,0,"Dion Dawkins","LT",3,"2","1","29",0.582001332001332,60060000,20020000,0,"Extension",4914834,2200000,0,0,5649,46335,19885000,16805000,19670000,0,0,0,0,0,1.8947,1.89,0.3572,0.3906,0.2521,0,0,0,19883011.5,10800573.5,4958807,0,0,0,19883011.5,5400286.75,1652935.66666667,0,0,0,18858408.4656085,35642392,0.59344642024642
"12",27633410,15993570,13349400,4919100,869400,0,99.94,97.82,70.26,25.89,4.83,0,"Robert Hunt","RG",5,"2","0","27",0.63,1e+08,2e+07,0,"UFA",5300000,5300000,0.02,0.04,8779,46164,27650000,16350000,1.9e+07,1.9e+07,1.8e+07,0,0,0,2.9874,2.99,0.0212,0.2756,0.4437,0.2106,0.0483,0,27633410,15993570,13349400,4919100,869400,0,27633410,7996785,4449800,1229775,173880,0,20991598.6622074,62764880,0.6276488
"13",27997200,15025600,9390400,3713600,0,0,99.99,93.91,58.69,23.21,0,0,"Jaylon Johnson","CB",4,"2","1","24",0.710526315789474,7.6e+07,1.9e+07,0,"UFA",5e+06,5e+06,0.01,0.01,8790,46108,2.8e+07,1.6e+07,1.6e+07,1.6e+07,0,0,0,0,2.758,2.76,0.0608,0.3522,0.3548,0.2321,0,0,27997200,15025600,9390400,3713600,0,0,27997200,7512800,3130133.33333333,928400,0,0,20335797.1014493,56126800,0.73851052631579
"14",18998100,16077800,10552600,2616300,0,0,99.99,84.62,55.54,13.77,0,0,"Jonathan Greenard","EDGE",4,"3","0","26",0.552631578947368,7.6e+07,1.9e+07,0,"UFA",3300000,3300000,0.01,0.01,8830,46160,1.9e+07,1.9e+07,1.9e+07,1.9e+07,0,0,0,0,2.5393,2.54,0.1538,0.2908,0.4177,0.1377,0,0,18998100,16077800,10552600,2616300,0,0,18998100,8038900,3517533.33333333,654075,0,0,18994015.7480315,48244800,0.6348
"15",25987000,12663000,9429000,0,0,0,99.95,93.8,53.88,0,0,0,"Michael Onwenu","RT",3,"6","1","26",0.640350877192982,5.7e+07,1.9e+07,0,"UFA",19500000,7500000,0.03,0.03,8922,46236,2.6e+07,13500000,17500000,0,0,0,0,0,2.4763,2.48,0.0615,0.3992,0.5388,0,0,0,25987000,12663000,9429000,0,0,0,25987000,6331500,3143000,0,0,0,19386693.5483871,48079000,0.843491228070175
"16",15995200,9504288.9,3916800,0,0,0,99.97,70.47,23.04,0,0,0,"Jerry Jeudy","WR",3,"1","0","24",0.780952380952381,52500000,17500000,0,"Extension",9575000,3575000,0.02,0.02,8755,46598,1.6e+07,13487000,1.7e+07,0,0,0,0,0,1.9348,1.93,0.295,0.4743,0.2304,0,0,0,15995200,9504288.9,3916800,0,0,0,15995200,4752144.45,1305600,0,0,0,15241600.4663212,29416288.9,0.560310264761905
"17",16991500,16813000,15648210,0,0,0,99.95,98.9,91.51,0,0,0,"Bryce Huff","EDGE",3,"8","0","25",0.665362035225049,51100000,17033333,0,"UFA",19975000,3225000,0.02,0.03,9313,46163,1.7e+07,1.7e+07,17100000,0,0,0,0,0,2.9036,2.9,0.0105,0.0739,0.9151,0,0,0,16991500,16813000,15648210,0,0,0,16991500,8406500,5216070,0,0,0,17052658.6206897,49452710,0.967763405088062
"18",16491750,13352500,3315000,0,0,0,99.95,76.3,19.5,0,0,0,"Jonah Jackson","LG",3,"3","0","27",0.666666666666667,5.1e+07,1.7e+07,0,"UFA",9916666,1416668,0.02,0.03,8815,46210,16500000,17500000,1.7e+07,0,0,0,0,0,1.9575,1.96,0.2365,0.568,0.195,0,0,0,16491750,13352500,3315000,0,0,0,16491750,6676250,1105000,0,0,0,16917984.6938776,33159250,0.65018137254902
"19",25044990,10762170,8442540,2973125,0,0,99.98,90.82,63.24,17.75,0,0,"Xavier McKinney","S",4,"2","0","24",0.343283582089552,6.7e+07,16750000,0,"UFA",5750000,5750000,0.01,0.01,8776,46267,25050000,11850000,13350000,16750000,0,0,0,0,2.7179,2.72,0.0916,0.2758,0.4549,0.1775,0,0,25044990,10762170,8442540,2973125,0,0,25044990,5381085,2814180,743281.25,0,0,17361332.7205882,47222825,0.70481828358209
"20",15489150,13818750,5249600,0,0,0,99.93,83.75,32.81,0,0,0,"Kevin Dotson","RG",3,"4","1","27",0.666666666666667,4.8e+07,1.6e+07,0,"UFA",9916666,1416668,0.03,0.04,8875,46121,15500000,16500000,1.6e+07,0,0,0,0,0,2.1649,2.16,0.1618,0.5094,0.3281,0,0,0,15489150,13818750,5249600,0,0,0,15489150,6909375,1749866.66666667,0,0,0,15998842.5925926,34557500,0.719947916666667
"21",17108289,7779115,0,0,0,0,99.99,60.35,0,0,0,0,"Jonah Williams","LT",2,"1","0","26",0.716666666666667,3e+07,1.5e+07,0,"UFA",6e+06,6e+06,0,0,7802,46304,17110000,12890000,0,0,0,0,0,0,1.6034,1.66,0.3394,0.6606,0,0,0,0,17108289,7779115,0,0,0,0,17108289,3889557.5,0,0,0,0,14992412.0481928,24887404,0.829580133333333
"22",12998700,16427100,0,0,0,0,99.99,96.63,0,0,0,0,"Tyler Lockett","WR",2,"3","1","31",0.422,3e+07,1.5e+07,0,"Extension",18555000,13895000,0,0,3917,46321,1.3e+07,1.7e+07,0,0,0,0,0,0,1.9662,1.97,0.0336,0.9663,0,0,0,0,12998700,16427100,0,0,0,0,12998700,8213550,0,0,0,0,14936954.3147208,29425800,0.98086
"23",14479700,14076600,13167450,0,0,0,99.86,97.08,90.81,0,0,0,"Arik Armstead","DT",3,"1","0","30",0.64367816091954,43500000,14500000,0,"SFA",16500000,2500000,0.05,0.09,3865,46356,14500000,14500000,14500000,0,0,0,0,0,2.8775,2.88,0.0278,0.0627,0.9081,0,0,0,14479700,14076600,13167450,0,0,0,14479700,7038300,4389150,0,0,0,14487413.1944444,41723750,0.959166666666667
"24",13837232,9945153,3467133,0,0,0,99.98,71.91,26.01,0,0,0,"Patrick Queen","LB",3,"1","0","24",0.500243902439024,4.1e+07,13666666,0,"UFA",3863333,3863334,0.01,0.01,8768,46221,13840000,13830000,13330000,0,0,0,0,0,1.979,1.98,0.2807,0.459,0.2601,0,0,0,13837232,9945153,3467133,0,0,0,13837232,4972576.5,1155711,0,0,0,13762382.8282828,27249518,0.664622390243902
"25",16140310,9121595,8642400,2272400,0,0,99.94,84.07,66.48,17.48,0,0,"Damien Lewis","LG",4,"3","0","26",0.494622641509434,5.3e+07,13250000,0,"UFA",3750000,3750000,0.03,0.03,8809,46206,16150000,10850000,1.3e+07,1.3e+07,0,0,0,0,2.6797,2.68,0.1587,0.1759,0.49,0.1748,0,0,16140310,9121595,8642400,2272400,0,0,16140310,4560797.5,2880800,568100,0,0,13498770.5223881,36176705,0.682579339622642
"26",17466225,8196669,4339156,0,0,0,99.75,86.19,36.22,0,0,0,"Darnell Mooney","WR",3,"5","0","26",0.666666666666667,3.9e+07,1.3e+07,0,"UFA",1.4e+07,5e+06,0.12,0.12,8913,46214,17510000,9510000,11980000,0,0,0,0,0,2.2216,2.22,0.1356,0.4997,0.3622,0,0,0,17466225,8196669,4339156,0,0,0,17466225,4098334.5,1446385.33333333,0,0,0,13514436.9369369,30002050,0.769283333333333
"27",14488400,9008650,3003700,0,0,0,99.92,73.54,24.52,0,0,0,"Grover Stewart","DT",3,"4","1","30",0.65974358974359,3.9e+07,1.3e+07,0,"UFA",6e+06,2e+06,0.03,0.04,5730,46185,14500000,12250000,12250000,0,0,0,0,0,1.9798,1.98,0.2638,0.4902,0.2452,0,0,0,14488400,9008650,3003700,0,0,0,14488400,4504325,1001233.33333333,0,0,0,13384217.1717172,26500750,0.67950641025641
"28",9998000,13277550,12340996,0,0,0,99.98,92.85,86.12,0,0,0,"Terron Armstead","LT",3,"3","1","32",0.258866166192079,38630000,12876667,0,"Extension",7816750,7816750,0.01,0,2308,46336,1e+07,14300000,14330000,0,0,0,0,0,2.7895,2.79,0.0713,0.0673,0.8612,0,0,0,9998000,13277550,12340996,0,0,0,9998000,6638775,4113665.33333333,0,0,0,12765787.0967742,35616546,0.921991871602382
"29",13208925,9705375,3576175,0,0,0,99.69,86.27,26.99,0,0,0,"Saquon Barkley","RB",3,"1","0","27",0.688741721854305,37750000,12583333,0,"UFA",13425000,3925000,0.14,0.17,6887,46169,13250000,11250000,13250000,0,0,0,0,0,2.1295,2.13,0.1342,0.5928,0.2699,0,0,0,13208925,9705375,3576175,0,0,0,13208925,4852687.5,1192058.33333333,0,0,0,12436842.7230047,26490475,0.701734437086093
"30",12498750,8673750,0,0,0,0,99.99,69.39,0,0,0,0,"Gardner Minshew","QB",2,"6","0","27",0.6,2.5e+07,12500000,0,"UFA",7340000,4660000,0.01,0,7969,46170,12500000,12500000,0,0,0,0,0,0,1.6938,1.69,0.306,0.6939,0,0,0,0,12498750,8673750,0,0,0,0,12498750,4336875,0,0,0,0,12528106.5088757,21172500,0.8469
"31",19990000,8700000,5722400,2325600,0,0,99.95,87,71.53,19.38,0,0,"Lloyd Cushenberry","C",4,"3","0","26",0.6,5e+07,12500000,0,"UFA",4525000,4525000,0.03,0.03,8823,46334,2e+07,1e+07,8e+06,1.2e+07,0,0,0,0,2.7786,2.78,0.1295,0.1547,0.5215,0.1938,0,0,19990000,8700000,5722400,2325600,0,0,19990000,4350000,1907466.66666667,581400,0,0,13215107.9136691,36738000,0.73476
"32",13995800,5788650,0,0,0,0,99.97,55.13,0,0,0,0,"Sheldon Rankins","DT",2,"1","0","29",0.326530612244898,24500000,12250000,0,"UFA",6e+06,2e+06,0.01,0.01,4725,46280,1.4e+07,10500000,0,0,0,0,0,0,1.551,1.55,0.4484,0.5513,0,0,0,0,13995800,5788650,0,0,0,0,13995800,2894325,0,0,0,0,12764161.2903226,19784450,0.807528571428571
"33",11973600,9800400,2787600,0,0,0,99.78,81.67,23.23,0,0,0,"Chidobe Awuzie","CB",3,"2","0","28",0.638333333333333,3.6e+07,1.2e+07,0,"UFA",10010000,2500000,0.09,0.12,5646,46319,1.2e+07,1.2e+07,1.2e+07,0,0,0,0,0,2.0468,2.05,0.1811,0.5844,0.2323,0,0,0,11973600,9800400,2787600,0,0,0,11973600,4900200,929200,0,0,0,11981268.2926829,24561600,0.682266666666667
"34",14788160,6612480,6313500,1957500,0,0,99.92,80.64,54.9,14.5,0,0,"Josh Jacobs","RB",4,"1","0","26",0.260416666666667,4.8e+07,1.2e+07,0,"UFA",3125000,3125000,0.04,0.05,7815,46168,14800000,8200000,11500000,13500000,0,0,0,0,2.4996,2.5,0.1928,0.2574,0.404,0.145,0,0,14788160,6612480,6313500,1957500,0,0,14788160,3306240,2104500,489375,0,0,11868656,29671640,0.618159166666667
"35",11996400,7220400,0,0,0,0,99.97,65.64,0,0,0,0,"Za'Darius Smith","EDGE",2,"4","1","31",0.521739130434783,2.3e+07,11500000,0,"UFA",5235000,4025000,0.01,0.01,3970,46337,1.2e+07,1.1e+07,0,0,0,0,0,0,1.6561,1.66,0.3433,0.6564,0,0,0,0,11996400,7220400,0,0,0,0,11996400,3610200,0,0,0,0,11576385.5421687,19216800,0.835513043478261
"36",12949300,7930600,3767400,0,0,0,99.61,83.48,32.76,0,0,0,"Azeez Al-Shaair","LB",3,"8","0","26",0.632352941176471,3.4e+07,11333333,0,"UFA",11200000,2200000,0.15,0.23,8212,46179,1.3e+07,9500000,11500000,0,0,0,0,0,2.1585,2.16,0.1613,0.5072,0.3276,0,0,0,12949300,7930600,3767400,0,0,0,12949300,3965300,1255800,0,0,0,11410787.037037,24647300,0.724920588235294
"37",10998900,5965300,0,0,0,0,99.99,54.23,0,0,0,0,"D.J. Reader","DT",2,"5","0","29",0.3375,2.2e+07,1.1e+07,0,"UFA",2453000,1243000,0.01,0.01,4879,46446,1.1e+07,1.1e+07,0,0,0,0,0,0,1.5422,1.54,0.4576,0.5423,0,0,0,0,10998900,5965300,0,0,0,0,10998900,2982650,0,0,0,0,11015714.2857143,16964200,0.7711
"38",11994000,6811200,0,0,0,0,99.95,75.68,0,0,0,0,"Noah Fant","TE",2,"1","1","26",0.547142857142857,2.1e+07,10500000,0,"UFA",6990000,4500000,0.03,0.02,7811,46338,1.2e+07,9e+06,0,0,0,0,0,0,1.7563,1.76,0.2427,0.7568,0,0,0,0,11994000,6811200,0,0,0,0,11994000,3405600,0,0,0,0,10684772.7272727,18805200,0.895485714285714
"39",6245625,4787917.5,2828470.5,0,0,0,99.93,68.35,31.41,0,0,0,"Zaire Franklin","LB",3,"7","1","27",0.563659628918746,31260000,10420000,0,"Extension",1250000,1250000,0.03,0.04,7120,46398,6250000,7005000,9005000,0,0,0,0,0,1.9969,2,0.3158,0.3694,0.3141,0,0,0,6245625,4787917.5,2828470.5,0,0,0,6245625,2393958.75,942823.5,0,0,0,6931006.5,13862013,0.443442514395393
"40",13023668,6514819.5,2220173,0,0,0,99.76,73.99,23.86,0,0,0,"Justin Jones","DT",3,"3","0","27",0.633723728541633,31165000,10388333,0,"UFA",8250000,3250000,0.12,0.13,6969,46188,13055000,8805000,9305000,0,0,0,0,0,1.9761,1.98,0.2577,0.5013,0.2386,0,0,0,13023668,6514819.5,2220173,0,0,0,13023668,3257409.75,740057.666666667,0,0,0,10989222.4747475,21758660.5,0.698176175196535
"41",13055854.5,6713940,1844874.5,0,0,0,99.93,75.1,20.51,0,0,0,"Frankie Luvu","EDGE",3,"8","0","27",0.616935483870968,3.1e+07,10333333,0,"UFA",4300000,2300000,0.03,0.04,7245,46212,13065000,8940000,8995000,0,0,0,0,0,1.9554,1.96,0.2483,0.5459,0.2051,0,0,0,13055854.5,6713940,1844874.5,0,0,0,13055854.5,3356970,614958.166666667,0,0,0,11027892.3469388,21614669,0.697247387096774
"42",10102923,5676480,3974755.4014,0,0,0,99.93,64.8,39.58,0,0,0,"Taron Johnson","CB",3,"4","1","27",0.617886178861789,30750000,10250000,0,"Extension",1450000,1450000,0.04,0.04,7006,33972,10110000,8760000,10042333,0,0,0,0,0,2.0431,2.04,0.3513,0.2522,0.3958,0,0,0,10102923,5676480,3974755.4014,0,0,0,10102923,2838240,1324918.46713333,0,0,0,9683410.98107843,19754158.4014,0.642411655330081
"43",899820,7408500,0,0,0,0,99.98,67.35,0,0,0,0,"Andrew Van Ginkel","EDGE",2,"5","0","28",0.65,2e+07,1e+07,0,"UFA",3400000,2400000,0.01,0.01,7942,46452,9e+05,1.1e+07,0,0,0,0,0,0,1.6733,1.67,0.3263,0.6735,0,0,0,0,899820,7408500,0,0,0,0,899820,3704250,0,0,0,0,4975041.91616767,8308320,0.415416
"44",10990100,5720400,0,0,0,0,99.91,63.56,0,0,0,0,"Denico Autry","EDGE",2,"8","0","33",0.525,2e+07,1e+07,0,"UFA",6e+06,1500000,0.04,0.04,3776,46254,1.1e+07,9e+06,0,0,0,0,0,0,1.6347,1.63,0.3635,0.6356,0,0,0,0,10990100,5720400,0,0,0,0,10990100,2860200,0,0,0,0,10251840.4907975,16710500,0.835525
"45",11479300,7221600,2681000,0,0,0,99.82,84.96,26.81,0,0,0,"Kenny Moore","CB",3,"8","1","28",0.632666666666667,3e+07,1e+07,0,"UFA",7260000,2250000,0.09,0.1,6132,46270,11500000,8500000,1e+07,0,0,0,0,0,2.1159,2.12,0.1486,0.5815,0.2681,0,0,0,11479300,7221600,2681000,0,0,0,11479300,3610800,893666.666666667,0,0,0,10085801.8867925,21381900,0.71273
"46",12043975,4505265,0,0,0,0,99.95,56.67,0,0,0,0,"Leonard Floyd","EDGE",2,"1","0","31",0.6,2e+07,1e+07,0,"UFA",3368000,2158000,0.02,0.02,4722,46171,12050000,7950000,0,0,0,0,0,0,1.5662,1.57,0.4328,0.5667,0,0,0,0,12043975,4505265,0,0,0,0,12043975,2252632.5,0,0,0,0,10540917.1974522,16549240,0.827462
"47",15172640,4380350,3080130,0,0,0,99.82,67.39,37.11,0,0,0,"Tyler Biadasz","C",3,"4","0","26",0.69,3e+07,1e+07,0,"UFA",5700000,2700000,0.08,0.09,8886,46252,15200000,6500000,8300000,0,0,0,0,0,2.0432,2.04,0.3243,0.3028,0.3711,0,0,0,15172640,4380350,3080130,0,0,0,15172640,2190175,1026710,0,0,0,11094666.6666667,22633120,0.754437333333333
"48",7491000,5001400,0,0,0,0,99.88,58.84,0,0,0,0,"Joe Mixon","RB",2,"2","0","27",0.658227848101266,19750000,9875000,0,"Extension",6e+06,2e+06,0.06,0.06,5634,46325,7500000,8500000,0,0,0,0,0,0,1.5872,1.59,0.4104,0.5884,0,0,0,0,7491000,5001400,0,0,0,0,7491000,2500700,0,0,0,0,7856855.34591195,12492400,0.632526582278481
"49",10442250,6856000,2351100,0,0,0,99.45,85.7,27.66,0,0,0,"Hunter Henry","TE",3,"2","1","29",0.585185185185185,2.7e+07,9e+06,0,"UFA",9150000,2500000,0.23,0.3,4748,46142,10500000,8e+06,8500000,0,0,0,0,0,2.1281,2.13,0.1375,0.5804,0.2766,0,0,0,10442250,6856000,2351100,0,0,0,10442250,3428000,783700,0,0,0,9225046.94835681,19649350,0.727753703703704
"50",9993000,4601600,0,0,0,0,99.93,57.52,0,0,0,0,"Yetur Gross-Matos","EDGE",2,"2","0","26",0.688333333333333,1.8e+07,9e+06,0,"UFA",2778000,1653000,0.03,0.03,8778,46310,1e+07,8e+06,0,0,0,0,0,0,1.5745,1.57,0.4241,0.5752,0,0,0,0,9993000,4601600,0,0,0,0,9993000,2300800,0,0,0,0,9295923.56687898,14594600,0.810811111111111
"51",9431600,6220112.5,2229425,0,0,0,99.28,74.27,26.62,0,0,0,"Jordyn Brooks","LB",3,"1","0","26",0.647619047619048,26250000,8750000,0,"UFA",8175000,1675000,0.29,0.41,8767,46311,9500000,8375000,8375000,0,0,0,0,0,2.0017,2,0.2501,0.4765,0.2662,0,0,0,9431600,6220112.5,2229425,0,0,0,9431600,3110056.25,743141.666666667,0,0,0,8940568.75,17881137.5,0.68118619047619
"52",8999100,7756650,0,0,0,0,99.99,94.02,0,0,0,0,"C.J. Mosley","LB",2,"1","1","31",0.768115942028985,17250000,8625000,0,"Extension",7244000,8784000,0.01,0,2956,46339,9e+06,8250000,0,0,0,0,0,0,1.9401,1.94,0.0597,0.9402,0,0,0,0,8999100,7756650,0,0,0,0,8999100,3878325,0,0,0,0,8636984.53608247,16755750,0.971347826086956
"53",8996400,8001412.5,0,0,0,0,99.96,92.77,0,0,0,0,"Demario Davis","LB",2,"3","1","35",0.768115942028985,17250000,8625000,0,"Extension",9033000,8483000,0.03,0.01,984,46207,9e+06,8625000,0,0,0,0,0,0,1.9273,1.93,0.0719,0.9277,0,0,0,0,8996400,8001412.5,0,0,0,0,8996400,4000706.25,0,0,0,0,8807156.7357513,16997812.5,0.985380434782609
"54",9957000,5672800,2234250,0,0,0,99.57,70.91,29.79,0,0,0,"Sean Murphy-Bunting","CB",3,"2","0","26",0.681960784313726,25500000,8500000,0,"UFA",6500000,2e+06,0.2,0.24,7830,46180,1e+07,8e+06,7500000,0,0,0,0,0,2.0027,2,0.2866,0.4112,0.2979,0,0,0,9957000,5672800,2234250,0,0,0,9957000,2836400,744750,0,0,0,8932025,17864050,0.700550980392157
"55",9723888,5606288,2529024,0,0,0,99.63,78.74,35.52,0,0,0,"Andre James","C",3,"8","1","26",0.6525,2.4e+07,8e+06,0,"UFA",5566666,1716668,0.16,0.21,8149,46145,9760000,7120000,7120000,0,0,0,0,0,0,2.14,0.2089,0.4322,0.3552,0,0,0,9723888,5606288,2529024,0,0,0,9723888,2803144,843008,0,0,0,8345420.56074766,17859200,0.744133333333333
"56",8435400,6052800,1925250,0,0,0,99.24,75.66,25.67,0,0,0,"D'Andre Swift","RB",3,"2","0","25",0.6375,2.4e+07,8e+06,0,"UFA",7443333,1333334,0.31,0.46,8775,46151,8500000,8e+06,7500000,0,0,0,0,0,2.0057,2.01,0.2358,0.4999,0.2567,0,0,0,8435400,6052800,1925250,0,0,0,8435400,3026400,641750,0,0,0,8165895.52238806,16413450,0.68389375
"57",8242575,5746625,0,0,0,0,99.91,74.15,0,0,0,0,"DaQuan Jones","DT",2,"4","1","32",0.65625,1.6e+07,8e+06,0,"UFA",4500000,3500000,0.06,0.04,3051,46400,8250000,7750000,0,0,0,0,0,0,1.7406,1.74,0.2576,0.7415,0,0,0,0,8242575,5746625,0,0,0,0,8242575,2873312.5,0,0,0,0,8039770.11494253,13989200,0.874325
"58",8991000,5067300,0,0,0,0,99.9,72.39,0,0,0,0,"Derrick Henry","RB",2,"2","0","30",0.5625,1.6e+07,8e+06,0,"UFA",5105000,3895000,0.06,0.04,4758,46399,9e+06,7e+06,0,0,0,0,0,0,1.7229,1.72,0.2751,0.7239,0,0,0,0,8991000,5067300,0,0,0,0,8991000,2533650,0,0,0,0,8173430.23255814,14058300,0.87864375
"59",9181550,5717600,2934925,0,0,0,99.26,81.68,37.87,0,0,0,"Ezra Cleveland","LG",3,"2","1","25",0.59375,2.4e+07,8e+06,0,"UFA",7400000,1400000,0.3,0.45,8798,46109,9250000,7e+06,7750000,0,0,0,0,0,2.1881,2.19,0.1758,0.4381,0.3787,0,0,0,9181550,5717600,2934925,0,0,0,9181550,2858800,978308.333333333,0,0,0,8143413.24200913,17834075,0.743086458333333
"60",7986400,4975500,0,0,0,0,99.83,66.34,0,0,0,0,"Kenneth Murray","LB",2,"1","0","25",0.483225806451613,15500000,7750000,0,"UFA",4990000,2500000,0.1,0.09,8763,46332,8e+06,7500000,0,0,0,0,0,0,1.6617,1.66,0.3349,0.6634,0,0,0,0,7986400,4975500,0,0,0,0,7986400,2487750,0,0,0,0,7808373.4939759,12961900,0.836251612903226
"61",7390380,4788300,2746350,0,0,0,99.87,72.55,32.31,0,0,0,"A'Shawn Robinson","DT",3,"2","0","28",0.461111111111111,22500000,7500000,0,"UFA",2055000,2055000,0.06,0.06,4759,46227,7400000,6600000,8500000,0,0,0,0,0,2.0473,2.05,0.2732,0.4024,0.3231,0,0,0,7390380,4788300,2746350,0,0,0,7390380,2394150,915450,0,0,0,7280502.43902439,14925030,0.663334666666667
"62",9465525,4036565,1604250,0,0,0,99.9,73.06,21.39,0,0,0,"Blake Cashman","LB",3,"5","0","27",0.666666666666667,22500000,7500000,0,"UFA",1550000,1550000,0.05,0.06,7948,46265,9475000,5525000,7500000,0,0,0,0,0,1.9435,1.94,0.2684,0.5167,0.2139,0,0,0,9465525,4036565,1604250,0,0,0,9465525,2018282.5,534750,0,0,0,7786773.19587629,15106340,0.671392888888889
"63",6986700,4309600,1674750,0,0,0,99.81,53.87,22.33,0,0,0,"Darious Williams","CB",3,"8","0","31",0.666666666666667,22500000,7500000,0,"SFA",1166666,1166668,0.09,0.1,7264,46279,7e+06,8e+06,7500000,0,0,0,0,0,1.7601,1.76,0.4594,0.3154,0.2233,0,0,0,6986700,4309600,1674750,0,0,0,6986700,2154800,558250,0,0,0,7369914.77272727,12971050,0.576491111111111
"64",7987200,3864000,0,0,0,0,99.84,55.2,0,0,0,0,"Kendall Fuller","CB",2,"3","0","29",0.666666666666667,1.5e+07,7500000,0,"UFA",2563000,1353000,0.08,0.07,4797,46485,8e+06,7e+06,0,0,0,0,0,0,1.5504,1.55,0.4464,0.552,0,0,0,0,7987200,3864000,0,0,0,0,7987200,1932000,0,0,0,0,7645935.48387097,11851200,0.79008
"65",7955200,3342500,0,0,0,0,99.44,47.75,0,0,0,0,"Kevin Byard","S",2,"3","0","30",0.733333333333333,1.5e+07,7500000,0,"SFA",5890000,1500000,0.28,0.29,4777,46328,8e+06,7e+06,0,0,0,0,0,0,1.4719,1.47,0.5169,0.4775,0,0,0,0,7955200,3342500,0,0,0,0,7955200,1671250,0,0,0,0,7685510.20408163,11297700,0.75318
"66",7961600,4280250,2594050,0,0,0,99.52,65.85,35.78,0,0,0,"Tony Pollard","RB",3,"4","0","26",0.482298850574713,21750000,7250000,0,"UFA",5e+06,2e+06,0.22,0.25,7919,46159,8e+06,6500000,7250000,0,0,0,0,0,2.0115,2.01,0.3367,0.3007,0.3578,0,0,0,7961600,4280250,2594050,0,0,0,7961600,2140125,864683.333333333,0,0,0,7381044.7761194,14835900,0.682110344827586
"67",6964300,4873400,1602300,0,0,0,99.49,69.62,22.89,0,0,0,"Aaron Brewer","C",3,"8","0","33",0.627619047619048,2.1e+07,7e+06,0,"UFA",4618000,1118000,0.22,0.29,9293,46451,7e+06,7e+06,7e+06,0,0,0,0,0,1.983,1.98,0.2992,0.4039,0.292,0,0,0,6964300,4873400,1602300,0,0,0,6964300,2436700,534100,0,0,0,6787878.78787879,13440000,0.64
"68",8930258.5,4688090,1379400,0,0,0,99.17,78.2,22.99,0,0,0,"Bilal Nichols","DT",3,"5","0","27",0.685238095238095,2.1e+07,7e+06,0,"UFA",7690000,2e+06,0.37,0.47,7030,46264,9005000,5995000,6e+06,0,0,0,0,0,2.0036,2,0.2097,0.5521,0.2299,0,0,0,8930258.5,4688090,1379400,0,0,0,8930258.5,2344045,459800,0,0,0,7498874.25,14997748.5,0.7141785
"69",7500167.5,4048170,0,0,0,0,99.67,62.52,0,0,0,0,"Geno Stone","S",2,"7","0","24",0.428571428571429,1.4e+07,7e+06,0,"UFA",4500000,1500000,0.17,0.16,8959,46177,7525000,6475000,0,0,0,0,0,0,1.6219,1.62,0.3715,0.6252,0,0,0,0,7500167.5,4048170,0,0,0,0,7500167.5,2024085,0,0,0,0,7128603.39506173,11548337.5,0.82488125
"70",7486500,4500600,0,0,0,0,99.82,69.24,0,0,0,0,"Jermaine Eluemunor","RT",2,"5","0","29",0.482142857142857,1.4e+07,7e+06,0,"UFA",4e+06,2750000,0.09,0.07,5745,46473,7500000,6500000,0,0,0,0,0,0,1.6906,1.69,0.3058,0.6924,0,0,0,0,7486500,4500600,0,0,0,0,7486500,2250300,0,0,0,0,7092958.57988166,11987100,0.856221428571429
"71",7492727,4250950,0,0,0,0,99.77,65.5,0,0,0,0,"Raekwon Davis","DT",2,"2","0","26",0.5,1.4e+07,7e+06,0,"UFA",4500000,2500000,0.12,0.1,8796,46233,7510000,6490000,0,0,0,0,0,0,1.6527,1.65,0.3427,0.655,0,0,0,0,7492727,4250950,0,0,0,0,7492727,2125475,0,0,0,0,7117380,11743677,0.838834071428571
"72",6487650,5784050,0,0,0,0,99.81,79.78,0,0,0,0,"Tyrann Mathieu","S",2,"3","1","31",0.545454545454545,13750000,6875000,0,"Extension",5567000,5067000,0.12,0.07,2450,46117,6500000,7250000,0,0,0,0,0,0,1.7959,1.8,0.2003,0.7978,0,0,0,0,6487650,5784050,0,0,0,0,6487650,2892025,0,0,0,0,6817611.11111111,12271700,0.892487272727273
"73",6931400,4047500,1906200,0,0,0,99.02,64.76,28.24,0,0,0,"Brandon Jones","S",3,"3","0","25",0.55,2e+07,6666667,0,"UFA",6088333,1833334,0.43,0.55,8810,46162,7e+06,6250000,6750000,0,0,0,0,0,1.9202,1.92,0.3426,0.3652,0.2824,0,0,0,6931400,4047500,1906200,0,0,0,6931400,2023750,635400,0,0,0,6710989.58333333,12885100,0.644255
"74",6974800,4072800,2335200,0,0,0,99.64,67.88,33.36,0,0,0,"Graham Glasgow","RG",3,"3","1","31",0.475,2e+07,6666667,0,"UFA",2437500,1437500,0.17,0.2,4808,46262,7e+06,6e+06,7e+06,0,0,0,0,0,2.0088,2.01,0.3176,0.3452,0.3336,0,0,0,6974800,4072800,2335200,0,0,0,6974800,2036400,778400,0,0,0,6658109.45273632,13382800,0.66914
"75",6490250,5249400,1794650,0,0,0,99.85,80.76,27.61,0,0,0,"Kendrick Bourne","WR",3,"8","1","28",0.282051282051282,19500000,6500000,0,"UFA",1400000,1400000,0.07,0.08,5995,46263,6500000,6500000,6500000,0,0,0,0,0,2.0822,2.08,0.1909,0.5315,0.2761,0,0,0,6490250,5249400,1794650,0,0,0,6490250,2624700,598216.666666667,0,0,0,6506875,13534300,0.694066666666667
"76",5919000,5924800,2315400,0,0,0,98.65,84.64,38.59,0,0,0,"Drue Tranquill","LB",3,"4","1","28",0.657894736842105,1.9e+07,6333333,0,"UFA",8250000,1500000,0.56,0.79,7921,46120,6e+06,7e+06,6e+06,0,0,0,0,0,2.2188,2.22,0.1401,0.4605,0.3859,0,0,0,5919000,5924800,2315400,0,0,0,5919000,2962400,771800,0,0,0,6378018.01801802,14159200,0.745221052631579
"77",4989500,3612750,0,0,0,0,99.79,48.17,0,0,0,0,"D.J. Wonnum","EDGE",2,"4","0","26",0.1,12500000,6250000,0,"UFA",625000,625000,0.11,0.11,8857,46437,5e+06,7500000,0,0,0,0,0,0,1.4796,1.48,0.5162,0.4817,0,0,0,0,4989500,3612750,0,0,0,0,4989500,1806375,0,0,0,0,5812331.08108108,8602250,0.68818
"78",8109250,3405780,1452550,0,0,0,99.5,66.78,26.41,0,0,0,"Josey Jewell","LB",3,"4","0","29",0.54,18750000,6250000,0,"UFA",4333333,2333334,0.25,0.26,6991,46401,8150000,5100000,5500000,0,0,0,0,0,1.9269,1.93,0.3272,0.4037,0.2641,0,0,0,8109250,3405780,1452550,0,0,0,8109250,1702890,484183.333333333,0,0,0,6718953.36787565,12967580,0.691604266666667
"79",6968500,3695000,0,0,0,0,99.55,73.9,0,0,0,0,"A.J. Epenesa","EDGE",2,"2","1","25",0.838333333333333,1.2e+07,6e+06,0,"UFA",3560000,1e+06,0.21,0.23,8794,46208,7e+06,5e+06,0,0,0,0,0,0,1.7345,1.73,0.2565,0.739,0,0,0,0,6968500,3695000,0,0,0,0,6968500,1847500,0,0,0,0,6163872.83236994,10663500,0.888625
"80",6461650,3973200,0,0,0,0,99.41,72.24,0,0,0,0,"Gerald Everett","TE",2,"2","0","29",0.505,1.2e+07,6e+06,0,"UFA",5060000,1e+06,0.28,0.31,5630,46438,6500000,5500000,0,0,0,0,0,0,1.7165,1.72,0.2717,0.7224,0,0,0,0,6461650,3973200,0,0,0,0,6461650,1986600,0,0,0,0,6066773.25581395,10434850,0.869570833333333
"81",5993773,3426879,0,0,0,0,99.73,57.21,0,0,0,0,"John Simpson","LG",2,"4","0","26",0.5,1.2e+07,6e+06,0,"UFA",2190000,1710000,0.14,0.12,8849,46477,6010000,5990000,0,0,0,0,0,0,1.5694,1.57,0.4252,0.5721,0,0,0,0,5993773,3426879,0,0,0,0,5993773,1713439.5,0,0,0,0,6000415.2866242,9420652,0.785054333333333
"82",8306685,3693717.5,2556000,0,0,0,99.78,79.01,51.12,0,0,0,"Keisean Nixon","CB",3,"8","1","26",0.361111111111111,1.8e+07,6e+06,0,"UFA",2166666,2166668,0.11,0.1,8152,46448,8325000,4675000,5e+06,0,0,0,0,0,2.2991,2.3,0.2077,0.2789,0.5112,0,0,0,8306685,3693717.5,2556000,0,0,0,8306685,1846858.75,852000,0,0,0,6328870.65217391,14556402.5,0.808689027777778
"83",7185486,3638484,0,0,0,0,99.66,75.96,0,0,0,0,"Tyquan Lewis","EDGE",2,"2","1","29",0.641666666666667,1.2e+07,6e+06,0,"UFA",4200000,2500000,0.19,0.16,6949,46182,7210000,4790000,0,0,0,0,0,0,1.7562,1.76,0.237,0.7596,0,0,0,0,7185486,3638484,0,0,0,0,7185486,1819242,0,0,0,0,6149982.95454545,10823970,0.9019975
"84",5990400,4298400,0,0,0,0,99.84,71.64,0,0,0,0,"Tyrod Taylor","QB",2,"6","0","34",0.708333333333333,1.2e+07,6e+06,0,"UFA",2800000,3300000,0.09,0.06,1407,46403,6e+06,6e+06,0,0,0,0,0,0,1.7148,1.71,0.282,0.7164,0,0,0,0,5990400,4298400,0,0,0,0,5990400,2149200,0,0,0,0,6016842.10526316,10288800,0.8574
"85",6181875,3194500,1686825,0,0,0,98.91,63.89,32.13,0,0,0,"Devin Singletary","RB",3,"3","0","26",0.575757575757576,16500000,5500000,0,"UFA",4750000,1250000,0.48,0.62,7865,46225,6250000,5e+06,5250000,0,0,0,0,0,1.9493,1.95,0.3502,0.3176,0.3213,0,0,0,6181875,3194500,1686825,0,0,0,6181875,1597250,562275,0,0,0,5673435.8974359,11063200,0.67049696969697
"86",7463438,1691955,1319400,0,0,0,99.38,67.95,21.99,0,0,0,"Nick Allegretti","LG",3,"7","0","27",0.56375,1.6e+07,5333333,0,"UFA",3178000,1178000,0.28,0.34,8007,46192,7510000,2490000,6e+06,0,0,0,0,0,1.8932,1.89,0.3143,0.4596,0.2199,0,0,0,7463438,1691955,1319400,0,0,0,7463438,845977.5,439800,0,0,0,5542218.51851852,10474793,0.6546745625
"87",6418750,3992520,1539900,0,0,0,98.75,81.48,34.22,0,0,0,"Ka'imi Fairbairn","K",3,"8","1","30",0.69559748427673,15900000,5300000,0,"UFA",6563110,1833110,0.56,0.69,5265,46147,6500000,4900000,4500000,0,0,0,0,0,2.1445,2.14,0.1727,0.4726,0.3422,0,0,0,6418750,3992520,1539900,0,0,0,6418750,1996260,513300,0,0,0,5584658.87850467,11951170,0.751645911949686
"88",5824260,2570520,0,0,0,0,99.56,55.28,0,0,0,0,"Mitch Morse","C",2,"2","0","31",0.666666666666667,10500000,5250000,0,"SFA",2300000,2300000,0.24,0.19,3897,46152,5850000,4650000,0,0,0,0,0,0,1.5484,1.55,0.4428,0.5528,0,0,0,0,5824260,2570520,0,0,0,0,5824260,1285260,0,0,0,0,5415987.09677419,8394780,0.799502857142857
"89",5597437.5,3316500,0,0,0,0,99.51,73.7,0,0,0,0,"Alohi Gilman","S",2,"6","1","26",0.555555555555556,10125000,5062500,0,"UFA",3375000,2250000,0.27,0.23,8926,46184,5625000,4500000,0,0,0,0,0,0,1.7321,1.73,0.2581,0.737,0,0,0,0,5597437.5,3316500,0,0,0,0,5597437.5,1658250,0,0,0,0,5152565.02890173,8913937.5,0.880388888888889
"90",5486062.5,2565937.5,1004000,0,0,0,97.53,58.65,25.1,0,0,0,"Will Dissly","TE",3,"4","0","27",0.0714285714285714,1.4e+07,4666666,0,"SFA",5875000,1500000,1.11,1.36,7005,46261,5625000,4375000,4e+06,0,0,0,0,0,1.8128,1.81,0.3888,0.3355,0.251,0,0,0,5486062.5,2565937.5,1004000,0,0,0,5486062.5,1282968.75,334666.666666667,0,0,0,5003314.91712707,9056000,0.646857142857143
"91",4467150,2898925,0,0,0,0,99.27,61.03,0,0,0,0,"Amik Robertson","CB",2,"4","0","25",0.486486486486487,9250000,4625000,0,"UFA",2850000,1650000,0.38,0.35,8879,46220,4500000,4750000,0,0,0,0,0,0,1.603,1.6,0.3824,0.6103,0,0,0,0,4467150,2898925,0,0,0,0,4467150,1449462.5,0,0,0,0,4603796.875,7366075,0.796332432432432
"92",5279330,2575260,0,0,0,0,99.61,67.77,0,0,0,0,"George Fant","LT",2,"8","0","31",0.406593406593407,9100000,4550000,0,"UFA",1850000,1850000,0.21,0.18,5348,46289,5300000,3800000,0,0,0,0,0,0,1.6738,1.67,0.3184,0.6777,0,0,0,0,5279330,2575260,0,0,0,0,5279330,1287630,0,0,0,0,4703347.30538922,7854590,0.863141758241758
"93",4385250,2268900,0,0,0,0,97.45,50.42,0,0,0,0,"Jordan Whitehead","S",2,"4","0","26",0.5,9e+06,4500000,0,"SFA",4500000,0,1.11,1.44,7002,46297,4500000,4500000,0,0,0,0,0,0,1.4787,1.48,0.4703,0.5042,0,0,0,0,4385250,2268900,0,0,0,0,4385250,1134450,0,0,0,0,4496047.2972973,6654150,0.73935
"94",4212175,3208625,0,0,0,0,99.11,67.55,0,0,0,0,"Kamren Curl","S",2,"7","0","25",0.666666666666667,9e+06,4500000,0,"UFA",4e+06,2e+06,0.45,0.43,8956,46507,4250000,4750000,0,0,0,0,0,0,1.6666,1.67,0.3156,0.6755,0,0,0,0,4212175,3208625,0,0,0,0,4212175,1604312.5,0,0,0,0,4443592.81437126,7420800,0.824533333333333
"95",4472550,3351150,0,0,0,0,99.39,74.47,0,0,0,0,"Shelby Harris","DT",2,"7","1","32",0.443333333333333,9e+06,4500000,0,"UFA",1766000,556000,0.29,0.32,3174,46412,4500000,4500000,0,0,0,0,0,0,1.7386,1.74,0.2492,0.7447,0,0,0,0,4472550,3351150,0,0,0,0,4472550,1675575,0,0,0,0,4496379.31034483,7823700,0.8693
"96",4131325,3166365,0,0,0,0,99.55,72.79,0,0,0,0,"Dane Jackson","CB",2,"7","0","27",0.602941176470588,8500000,4250000,0,"UFA",2625000,2500000,0.26,0.2,8979,46306,4150000,4350000,0,0,0,0,0,0,1.7234,1.72,0.2676,0.7279,0,0,0,0,4131325,3166365,0,0,0,0,4131325,1583182.5,0,0,0,0,4242843.02325581,7297690,0.858551764705882
"97",5071950,2109020,0,0,0,0,99.45,62.03,0,0,0,0,"Devin Duvernay","WR",2,"3","0","26",0.670588235294118,8500000,4250000,0,"UFA",1250000,1200000,0.27,0.26,8832,46266,5100000,3400000,0,0,0,0,0,0,1.6148,1.61,0.3742,0.6203,0,0,0,0,5071950,2109020,0,0,0,0,5071950,1054510,0,0,0,0,4460229.81366459,7180970,0.84482
"98",5713200,2267891,1155796,0,0,0,99.36,68.62,31.28,0,0,0,"Mack Wilson","WR",3,"5","0","26",0.505490196078431,12750000,4250000,0,"UFA",2166666,1166668,0.3,0.34,7946,46312,5750000,3305000,3695000,0,0,0,0,0,1.9926,1.99,0.3074,0.3734,0.3128,0,0,0,5713200,2267891,1155796,0,0,0,5713200,1133945.5,385265.333333333,0,0,0,4591400.50251256,9136887,0.716618588235294
"99",4976500,2542400,0,0,0,0,99.53,72.64,0,0,0,0,"Ronald Darby","CB",2,"2","0","30",0.647058823529412,8500000,4250000,0,"UFA",2750000,2750000,0.27,0.2,3898,46202,5e+06,3500000,0,0,0,0,0,0,1.7217,1.72,0.2689,0.7264,0,0,0,0,4976500,2542400,0,0,0,0,4976500,1271200,0,0,0,0,4371453.48837209,7518900,0.884576470588235
"100",4796864,2776451,0,0,0,0,99.52,76.91,0,0,0,0,"Austin Ekeler","RB",2,"8","0","28",0.499406880189798,8430000,4215000,0,"UFA",2710000,1500000,0.24,0.23,5865,46193,4820000,3610000,0,0,0,0,0,0,1.7643,1.76,0.2261,0.7691,0,0,0,0,4796864,2776451,0,0,0,0,4796864,1388225.5,0,0,0,0,4303019.88636364,7573315,0.898376631079478
"101",4165980,3042480,0,0,0,0,99.19,72.44,0,0,0,0,"Greg Zuerlein","K",2,"6","1","36",0.5,8400000,4200000,0,"UFA",1788000,578000,0.39,0.42,1322,46153,4200000,4200000,0,0,0,0,0,0,1.7163,1.72,0.2675,0.7244,0,0,0,0,4165980,3042480,0,0,0,0,4165980,1521240,0,0,0,0,4190965.11627907,7208460,0.85815
"102",4479783,3008915,0,0,0,0,99.33,77.35,0,0,0,0,"Wil Lutz","K",2,"8","1","29",0.536904761904762,8400000,4200000,0,"UFA",2860000,1650000,0.34,0.32,5244,46347,4510000,3890000,0,0,0,0,0,0,1.7668,1.77,0.2198,0.7735,0,0,0,0,4479783,3008915,0,0,0,0,4479783,1504457.5,0,0,0,0,4230902.82485876,7488698,0.891511666666667
"103",0,2716000,853480,0,0,0,98.73,77.6,22.46,0,0,0,"Chase McLaughlin","K",3,"8","1","27",0.528455284552846,12300000,4100000,0,"UFA",3500000,0,0.51,0.76,8400,46260,0,3500000,3800000,0,0,0,0,0,1.9879,1.99,0.2113,0.5514,0.2246,0,0,0,0,2716000,853480,0,0,0,0,1358000,284493.333333333,0,0,0,1793708.54271357,3569480,0.29020162601626
"104",5095410,1946550,1648400,0,0,0,98.94,68.3,41.21,0,0,0,"Anfernee Jennings","EDGE",3,"3","1","26",0.458333333333333,1.2e+07,4e+06,0,"UFA",2350000,1e+06,0.48,0.58,8827,46453,5150000,2850000,4e+06,0,0,0,0,0,2.0845,2.08,0.3064,0.2709,0.4121,0,0,0,5095410,1946550,1648400,0,0,0,5095410,973275,549466.666666667,0,0,0,4178057.69230769,8690360,0.724196666666667
"105",4476600,1831775,1530925,0,0,0,99.48,66.61,32.23,0,0,0,"Charlie Woerner","TE",3,"6","0","26",0.5475,1.2e+07,4e+06,0,"UFA",1e+06,1e+06,0.24,0.27,8930,46268,4500000,2750000,4750000,0,0,0,0,0,1.9832,1.98,0.3287,0.3438,0.3223,0,0,0,4476600,1831775,1530925,0,0,0,4476600,915887.5,510308.333333333,0,0,0,3959242.42424242,7839300,0.653275
"106",4460400,2196250,0,0,0,0,99.12,62.75,0,0,0,0,"Jordan Hicks","LB",2,"3","0","31",0.5625,8e+06,4e+06,0,"UFA",1868000,658000,0.43,0.45,3932,46209,4500000,3500000,0,0,0,0,0,0,1.6187,1.62,0.3637,0.6275,0,0,0,0,4460400,2196250,0,0,0,0,4460400,1098125,0,0,0,0,4109043.20987654,6656650,0.83208125
"107",4448527.5,2212532.5,0,0,0,0,98.31,63.67,0,0,0,0,"Zack Moss","RB",2,"3","0","26",0.375,8e+06,4e+06,0,"UFA",4500000,1500000,0.84,0.86,8826,46222,4525000,3475000,0,0,0,0,0,0,1.6198,1.62,0.3464,0.6367,0,0,0,0,4448527.5,2212532.5,0,0,0,0,4448527.5,1106266.25,0,0,0,0,4111765.43209877,6661060,0.8326325
"108",4465800,2378700,0,0,0,0,99.24,79.29,0,0,0,0,"Adam Trautman","TE",2,"3","1","27",0.666666666666667,7500000,3750000,0,"UFA",3e+06,2e+06,0.4,0.36,8845,46348,4500000,3e+06,0,0,0,0,0,0,1.7853,1.79,0.1995,0.7929,0,0,0,0,4465800,2378700,0,0,0,0,4465800,1189350,0,0,0,0,3823743.01675978,6844500,0.9126
"109",4699175,1816500,981750,0,0,0,98.93,60.55,28.05,0,0,0,"Antonio Gibson","RB",3,"3","0","25",0.471111111111111,11250000,3750000,0,"UFA",2175000,1e+06,0.49,0.59,8806,46165,4750000,3e+06,3500000,0,0,0,0,0,1.8753,1.88,0.3838,0.325,0.2805,0,0,0,4699175,1816500,981750,0,0,0,4699175,908250,327250,0,0,0,3987992.0212766,7497425,0.666437777777778
"110",2732409,1505987.5,0,0,0,0,99.18,70.87,0,0,0,0,"George Odum","S",2,"8","1","30",0.61,7500000,3750000,0,"Extension",1216666,1216668,0.42,0.4,7157,46411,2755000,2125000,0,0,0,0,0,0,1.7005,1.7,0.2831,0.7087,0,0,0,0,2732409,1505987.5,0,0,0,0,2732409,752993.75,0,0,0,0,2493174.41176471,4238396.5,0.565119533333333
"111",4169340,2126055,1276685,0,0,0,99.27,69.14,38.11,0,0,0,"Taylor Rapp","S",3,"2","1","26",0.456470588235294,10625000,3541667,0,"UFA",666666,666668,0.33,0.39,7852,46119,4200000,3075000,3350000,0,0,0,0,0,2.0652,2.07,0.3013,0.3103,0.3811,0,0,0,4169340,2126055,1276685,0,0,0,4169340,1063027.5,425561.666666667,0,0,0,3658009.66183575,7572080,0.712666352941176
"112",4871580,2037200,555180,0,0,0,99.42,74.08,19.48,0,0,0,"Drew Sample","TE",3,"2","1","27",0.223809523809524,10500000,3500000,0,"UFA",0,0,0.26,0.33,7843,46349,4900000,2750000,2850000,0,0,0,0,0,1.9298,1.93,0.2534,0.546,0.1948,0,0,0,4871580,2037200,555180,0,0,0,4871580,1018600,185060,0,0,0,3867336.78756477,7463960,0.710853333333333
"113",3964800,1663500,0,0,0,0,99.12,55.45,0,0,0,0,"Jordan Elliott","DT",2,"3","0","26",0.332142857142857,7e+06,3500000,0,"UFA",465000,465000,0.43,0.45,8828,46478,4e+06,3e+06,0,0,0,0,0,0,1.5457,1.55,0.4367,0.5545,0,0,0,0,3964800,1663500,0,0,0,0,3964800,831750,0,0,0,0,3631161.29032258,5628300,0.804042857142857
"114",4218125,1903825,0,0,0,0,99.25,69.23,0,0,0,0,"Malcolm Roach","DT",2,"8","0","25",0.428571428571429,7e+06,3500000,0,"UFA",1750000,1250000,0.38,0.38,9379,46241,4250000,2750000,0,0,0,0,0,0,1.6848,1.68,0.3002,0.6923,0,0,0,0,4218125,1903825,0,0,0,0,4218125,951912.5,0,0,0,0,3644017.85714286,6121950,0.874564285714286
"115",3470950,2751700,0,0,0,0,99.17,78.62,0,0,0,0,"P.J. Locke","S",2,"8","1","27",0.463571428571429,7e+06,3500000,0,"UFA",2245000,1e+06,0.41,0.42,8470,46146,3500000,3500000,0,0,0,0,0,0,1.7779,1.78,0.2055,0.7862,0,0,0,0,3470950,2751700,0,0,0,0,3470950,1375850,0,0,0,0,3495870.78651685,6222650,0.88895
"116",3746014.5,1985412,0,0,0,0,98.97,69.42,0,0,0,0,"Sione Takitaki","LB",2,"3","0","28",0.470278404815651,6645000,3322500,0,"UFA",2125000,1e+06,0.51,0.52,7871,46189,3785000,2860000,0,0,0,0,0,0,1.6839,1.68,0.2955,0.6942,0,0,0,0,3746014.5,1985412,0,0,0,0,3746014.5,992706,0,0,0,0,3411563.39285714,5731426.5,0.862517155756208
"117",3349012.5,2407812.5,0,0,0,0,99.23,77.05,0,0,0,0,"Gus Edwards","RB",2,"8","0","28",0.519230769230769,6500000,3250000,0,"UFA",2250000,1125000,0.38,0.38,7251,46186,3375000,3125000,0,0,0,0,0,0,1.7628,1.76,0.2218,0.7705,0,0,0,0,3349012.5,2407812.5,0,0,0,0,3349012.5,1203906.25,0,0,0,0,3270923.29545455,5756825,0.885665384615385
"118",3264690,2158080,0,0,0,0,98.93,67.44,0,0,0,0,"Miles Killebrew","S",2,"4","1","30",0.321538461538461,6500000,3250000,0,"UFA",1045000,1045000,0.54,0.53,4824,46293,3300000,3200000,0,0,0,0,0,0,1.6637,1.66,0.3149,0.6744,0,0,0,0,3264690,2158080,0,0,0,0,3264690,1079040,0,0,0,0,3266728.91566265,5422770,0.834272307692308
"119",3189550,1868900,1424500,0,0,0,98.14,67.96,40.7,0,0,0,"Blake Brandel","LT",3,"6","1","27",0.5,9500000,3166667,0,"RFA",2316666,666668,0.84,1.03,8943,46178,3250000,2750000,3500000,0,0,0,0,0,2.068,2.07,0.3018,0.2726,0.407,0,0,0,3189550,1868900,1424500,0,0,0,3189550,934450,474833.333333333,0,0,0,3131859.90338164,6482950,0.682415789473684
"120",3370609.5,2109646,0,0,0,0,98.99,78.28,0,0,0,0,"Jeremy Reaves","S",2,"8","1","27",0.430327868852459,6100000,3050000,0,"UFA",1875000,750000,0.49,0.53,7387,46326,3405000,2695000,0,0,0,0,0,0,1.7727,1.77,0.2071,0.7828,0,0,0,0,3370609.5,2109646,0,0,0,0,3370609.5,1054823,0,0,0,0,3096189.5480226,5480255.5,0.898402540983607
"121",3972800,1742750,638750,0,0,0,99.32,69.71,25.55,0,0,0,"Cameron Johnston","P",3,"8","0","32",0.319444444444444,9e+06,3e+06,0,"UFA",958333,958334,0.32,0.36,6158,46211,4e+06,2500000,2500000,0,0,0,0,0,1.9458,1.95,0.2961,0.4416,0.2555,0,0,0,3972800,1742750,638750,0,0,0,3972800,871375,212916.666666667,0,0,0,3258615.38461538,6354300,0.706033333333333
"122",2968200,1816800,0,0,0,0,98.94,60.56,0,0,0,0,"DeShon Elliott","S",2,"6","0","26",0.25,6e+06,3e+06,0,"UFA",750000,750000,0.53,0.54,7075,46422,3e+06,3e+06,0,0,0,0,0,0,1.595,1.59,0.3838,0.6056,0,0,0,0,2968200,1816800,0,0,0,0,2968200,908400,0,0,0,0,3009433.96226415,4785000,0.7975
"123",3452400,1694000,0,0,0,0,98.64,67.76,0,0,0,0,"Tim Settle","DT",2,"5","0","26",0.541666666666667,6e+06,3e+06,0,"UFA",2250000,1e+06,0.67,0.69,7048,46360,3500000,2500000,0,0,0,0,0,0,1.664,1.66,0.3088,0.6776,0,0,0,0,3452400,1694000,0,0,0,0,3452400,847000,0,0,0,0,3100240.96385542,5146400,0.857733333333333
"124",3201780,2019367.5,0,0,0,0,99.28,72.77,0,0,0,0,"Tommy Townsend","P",2,"8","0","27",0.333333333333333,6e+06,3e+06,0,"UFA",1e+06,1e+06,0.36,0.35,9069,46359,3225000,2775000,0,0,0,0,0,0,1.7205,1.72,0.2651,0.7277,0,0,0,0,3201780,2019367.5,0,0,0,0,3201780,1009683.75,0,0,0,0,3035550.87209302,5221147.5,0.87019125
"125",2719750,1539725,743325,0,0,0,98.9,55.99,27.03,0,0,0,"DeeJay Dallas","RB",3,"4","0","25",0.29030303030303,8250000,2750000,0,"UFA",333333,333334,0.48,0.6,8884,46224,2750000,2750000,2750000,0,0,0,0,0,1.8192,1.82,0.4291,0.2896,0.2703,0,0,0,2719750,1539725,743325,0,0,0,2719750,769862.5,247775,0,0,0,2748791.20879121,5002800,0.6064
"126",2677950,1326250,0,0,0,0,97.38,53.05,0,0,0,0,"Mitchell Trubisky","QB",2,"1","0","29",0.706666666666667,5250000,2625000,0,"SFA",1960000,750000,1.29,1.33,5586,46126,2750000,2500000,0,0,0,0,0,0,1.5043,1.5,0.4433,0.5305,0,0,0,0,2677950,1326250,0,0,0,0,2677950,663125,0,0,0,0,2669466.66666667,4004200,0.762704761904762
"127",2964600,1647225,0,0,0,0,98.82,73.21,0,0,0,0,"Montravius Adams","DT",2,"3","1","28",0.333333333333333,5250000,2625000,0,"UFA",875000,875000,0.59,0.6,5679,46413,3e+06,2250000,0,0,0,0,0,0,1.7203,1.72,0.2561,0.7321,0,0,0,0,2964600,1647225,0,0,0,0,2964600,823612.5,0,0,0,0,2681293.60465116,4611825,0.878442857142857
"128",2506140,1952790,0,0,0,0,98.28,76.58,0,0,0,0,"Thomas Morstead","P",2,"5","1","38",0.433333333333333,5100000,2550000,0,"UFA",1710000,5e+05,0.82,0.91,1522,46476,2550000,2550000,0,0,0,0,0,0,1.7486,1.75,0.217,0.7658,0,0,0,0,2506140,1952790,0,0,0,0,2506140,976395,0,0,0,0,2547960,4458930,0.8743
"129",2330020,1596366,0,0,0,0,97.9,60.93,0,0,0,0,"Ray-Ray McCloud","WR",2,"6","0","27",0.425,5e+06,2500000,0,"SFA",1625000,5e+05,1.01,1.09,7072,46496,2380000,2620000,0,0,0,0,0,0,1.5883,1.59,0.3697,0.6093,0,0,0,0,2330020,1596366,0,0,0,0,2330020,798183,0,0,0,0,2469425.1572327,3926386,0.7852772
"130",2476500,1764500,710750,0,0,0,99.06,70.58,28.43,0,0,0,"Rigoberto Sanchez","P",3,"8","1","29",0.333333333333333,7500000,2500000,0,"UFA",0,0,0.42,0.53,5989,46317,2500000,2500000,2500000,0,0,0,0,0,1.9807,1.98,0.2848,0.4215,0.2843,0,0,0,2476500,1764500,710750,0,0,0,2476500,882250,236916.666666667,0,0,0,2500883.83838384,4951750,0.660233333333333
"131",2469750,1471400,0,0,0,0,98.79,73.57,0,0,0,0,"Mike Ford","CB",2,"8","0","28",0.333333333333333,4500000,2250000,0,"UFA",1e+06,5e+05,0.59,0.6,7426,46204,2500000,2e+06,0,0,0,0,0,0,1.7236,1.72,0.2522,0.7357,0,0,0,0,2469750,1471400,0,0,0,0,2469750,735700,0,0,0,0,2291366.27906977,3941150,0.875811111111111
"132",2087387.5,1554382.5,0,0,0,0,98.23,74.91,0,0,0,0,"Braden Mann","P",2,"6","1","26",0.660714285714286,4200000,2100000,0,"UFA",1325000,850000,0.87,0.9,8931,46459,2125000,2075000,0,0,0,0,0,0,1.7314,1.73,0.2332,0.7491,0,0,0,0,2087387.5,1554382.5,0,0,0,0,2087387.5,777191.25,0,0,0,0,2105069.36416185,3641770,0.867088095238095
"133",2177607.5,1487570,0,0,0,0,97.87,75.32,0,0,0,0,"Jake Bailey","P",2,"5","1","26",0.529761904761905,4200000,2100000,0,"UFA",1675000,550000,1.01,1.12,7954,46135,2225000,1975000,0,0,0,0,0,0,1.7319,1.73,0.2255,0.7532,0,0,0,0,2177607.5,1487570,0,0,0,0,2177607.5,743785,0,0,0,0,2118599.71098266,3665177.5,0.872661309523809
"134",1969800,1474155,0,0,0,0,98.49,71.91,0,0,0,0,"Jonathan Owens","S",2,"8","0","28",0.246913580246914,4050000,2025000,0,"UFA",1125000,375000,0.72,0.8,7542,46237,2e+06,2050000,0,0,0,0,0,0,1.704,1.7,0.2658,0.7191,0,0,0,0,1969800,1474155,0,0,0,0,1969800,737077.5,0,0,0,0,2025855.88235294,3443955,0.850359259259259
"135",1723225,1671750,0,0,0,0,98.47,74.3,0,0,0,0,"Arthur Maulet","CB",2,"8","1","30",0.125,4e+06,2e+06,0,"UFA",250000,250000,0.74,0.79,5887,46581,1750000,2250000,0,0,0,0,0,0,1.7277,1.73,0.2417,0.743,0,0,0,0,1723225,1671750,0,0,0,0,1723225,835875,0,0,0,0,1962413.29479769,3394975,0.84874375
"136",1975400,1644200,0,0,0,0,98.77,82.21,0,0,0,0,"Corey Bojorquez","P",2,"8","1","27",0.6875,4e+06,2e+06,0,"UFA",1562500,1187500,0.61,0.61,7635,46442,2e+06,2e+06,0,0,0,0,0,0,1.8098,1.81,0.1656,0.8221,0,0,0,0,1975400,1644200,0,0,0,0,1975400,822100,0,0,0,0,1999779.00552486,3619600,0.9049
"137",2098615,1370480,0,0,0,0,97.61,74.08,0,0,0,0,"Daniel Thomas","S",2,"5","1","25",0.5,4e+06,2e+06,0,"UFA",1562500,437500,1.11,1.29,8897,46194,2150000,1850000,0,0,0,0,0,0,1.7169,1.72,0.2353,0.7408,0,0,0,0,2098615,1370480,0,0,0,0,2098615,685240,0,0,0,0,2016915.69767442,3469095,0.86727375
"138",1862950,1337760,0,0,0,0,98.05,74.32,0,0,0,0,"Blake Gillikin","K",2,"8","1","26",0.324324324324324,3700000,1850000,0,"UFA",9e+05,3e+05,0.92,1.03,9383,46396,1900000,1800000,0,0,0,0,0,0,1.7237,1.72,0.2373,0.7432,0,0,0,0,1862950,1337760,0,0,0,0,1862950,668880,0,0,0,0,1860877.90697674,3200710,0.865056756756757
"139",1724638.5,1128820,0,0,0,0,98.27,80.63,0,0,0,0,"Blake Hance","RT",2,"8","1","28",0.396196513470681,3155000,1577500,0,"UFA",850000,1e+05,0.8,0.93,8397,46383,1755000,1400000,0,0,0,0,0,0,1.789,1.79,0.1764,0.8063,0,0,0,0,1724638.5,1128820,0,0,0,0,1724638.5,564410,0,0,0,0,1594110.89385475,2853458.5,0.904424247226624
"140",1664948.5,895356,314737.5,0,0,0,98.81,67.32,22.89,0,0,0,"Tyler Ott","LS",3,"8","0","32",0.652619589977221,4390000,1463333,0,"UFA",133333,133334,0.54,0.65,3642,46226,1685000,1330000,1375000,0,0,0,0,0,1.8902,1.89,0.3149,0.4443,0.2289,0,0,0,1664948.5,895356,314737.5,0,0,0,1664948.5,447678,104912.5,0,0,0,1521186.24338624,2875042,0.654907061503417
"141",1597700,848952,0,0,0,0,98.32,72.56,0,0,0,0,"Austin Schlottmann","C",2,"8","0","28",0.178890876565295,2795000,1397500,0,"UFA",250000,250000,0.8,0.88,7146,46515,1625000,1170000,0,0,0,0,0,0,1.7088,1.71,0.2576,0.7256,0,0,0,0,1597700,848952,0,0,0,0,1597700,424476,0,0,0,0,1430790.64327485,2446652,0.875367441860465
"142",904656,550329,0,0,0,0,96.24,53.43,0,0,0,0,"P.J. Mustipher","DT",2,"8","0","24",0.0634517766497462,1970000,985000,0,"SFA",12500,12500,1.82,1.94,11332,46533,940000,1030000,0,0,0,0,0,0,1.4967,1.5,0.4281,0.5343,0,0,0,0,904656,550329,0,0,0,0,904656,275164.5,0,0,0,0,969990,1454985,0.738571065989848
"143",874648.5,517678,0,0,0,0,95.59,50.26,0,0,0,0,"Zander Horvath","RB",2,"7","0","25",0,1945000,972500,0,"SFA",0,0,2.05,2.36,10305,46131,915000,1030000,0,0,0,0,0,0,1.4585,1.46,0.4533,0.5026,0,0,0,0,874648.5,517678,0,0,0,0,874648.5,258839,0,0,0,0,953648.287671233,1392326.5,0.715849100257069
"144",773283,503040,0,0,0,0,96.06,52.4,0,0,0,0,"John Parker Romo","K",2,"8","0","26",0,1765000,882500,0,"SFA",0,0,1.86,2.07,10675,46362,805000,960000,0,0,0,0,0,0,1.4846,1.48,0.4366,0.524,0,0,0,0,773283,503040,0,0,0,0,773283,251520,0,0,0,0,862380.405405405,1276323,0.723129178470255
